dive_id,image_id,taken_datetime,fish_angle_degrees,angle_category,length_m,depth_m
87,14583,2023-08-31 14:15:17,0,x < 5°,0.4338,1.953
87,14584,2023-08-31 14:15:18,0,x < 5°,0.4430,1.995
87,14585,2023-08-31 14:15:18,0,x < 5°,0.4389,1.980
87,14586,2023-08-31 14:15:18,0,x < 5°,0.4412,1.992
87,14588,2023-08-31 14:15:19,0,x < 5°,0.4479,2.016
87,14587,2023-08-31 14:15:19,0,x < 5°,0.4320,1.947
87,14589,2023-08-31 14:15:19,0,x < 5°,0.4348,1.958
87,14590,2023-08-31 14:15:20,0,x < 5°,0.4378,1.978
87,14591,2023-08-31 14:15:20,0,x < 5°,0.4394,1.982
87,14592,2023-08-31 14:15:21,0,x < 5°,0.4324,1.957
87,14593,2023-08-31 14:15:21,0,x < 5°,0.4422,2.002
87,14594,2023-08-31 14:15:21,0,x < 5°,0.4367,1.978
87,14595,2023-08-31 14:15:21,0,x < 5°,0.4348,1.968
87,14596,2023-08-31 14:15:22,0,x < 5°,0.4356,1.965
87,14599,2023-08-31 14:15:23,0,x < 5°,0.4315,1.947
87,14597,2023-08-31 14:15:23,0,x < 5°,0.4386,1.973
87,14598,2023-08-31 14:15:23,0,x < 5°,0.4399,1.985
87,14601,2023-08-31 14:15:24,0,x < 5°,0.4365,1.967
87,14600,2023-08-31 14:15:24,0,x < 5°,0.4389,1.984
87,14602,2023-08-31 14:15:25,0,x < 5°,0.4401,1.985
87,14603,2023-08-31 14:15:25,0,x < 5°,0.4439,1.997
87,14604,2023-08-31 14:15:25,0,x < 5°,0.4470,2.014
87,14605,2023-08-31 14:15:31,5,5° < x < 10°,0.4356,1.963
87,14606,2023-08-31 14:15:31,5,5° < x < 10°,0.4332,1.952
87,14607,2023-08-31 14:15:31,5,5° < x < 10°,0.4380,1.979
87,14608,2023-08-31 14:15:32,5,5° < x < 10°,0.4346,1.953
87,14609,2023-08-31 14:15:33,5,5° < x < 10°,0.4311,1.944
87,14612,2023-08-31 14:15:33,5,5° < x < 10°,0.4268,1.916
87,14611,2023-08-31 14:15:33,5,5° < x < 10°,0.4325,1.943
87,14610,2023-08-31 14:15:33,5,5° < x < 10°,0.4312,1.941
87,14613,2023-08-31 14:15:34,5,5° < x < 10°,0.4346,1.948
87,14614,2023-08-31 14:15:35,5,5° < x < 10°,0.4335,1.945
87,14616,2023-08-31 14:15:35,5,5° < x < 10°,0.4692,2.106
87,14615,2023-08-31 14:15:35,5,5° < x < 10°,0.4328,1.947
87,14617,2023-08-31 14:15:36,5,5° < x < 10°,0.4331,1.947
87,14619,2023-08-31 14:15:36,5,5° < x < 10°,0.4357,1.955
87,14618,2023-08-31 14:15:36,5,5° < x < 10°,0.4313,1.940
87,14620,2023-08-31 14:15:37,5,5° < x < 10°,0.4370,1.962
87,14622,2023-08-31 14:15:38,5,5° < x < 10°,0.4343,1.953
87,14621,2023-08-31 14:15:38,5,5° < x < 10°,0.4306,1.938
87,14623,2023-08-31 14:15:38,5,5° < x < 10°,0.4287,1.935
87,14624,2023-08-31 14:15:39,5,5° < x < 10°,0.4318,1.940
87,14626,2023-08-31 14:15:47,10,5° < x < 10°,0.4217,1.946
87,14628,2023-08-31 14:15:47,10,5° < x < 10°,0.4244,1.957
87,14627,2023-08-31 14:15:47,10,5° < x < 10°,0.4304,1.985
87,14625,2023-08-31 14:15:47,10,5° < x < 10°,0.4306,1.989
87,14629,2023-08-31 14:15:48,10,5° < x < 10°,0.4278,1.969
87,14631,2023-08-31 14:15:49,10,5° < x < 10°,0.4273,1.968
87,14636,2023-08-31 14:15:51,10,5° < x < 10°,0.4465,2.059
87,14634,2023-08-31 14:15:51,10,5° < x < 10°,0.4281,1.974
87,14635,2023-08-31 14:15:51,10,5° < x < 10°,0.4298,1.980
87,14633,2023-08-31 14:15:51,10,5° < x < 10°,0.4319,1.987
87,14632,2023-08-31 14:15:51,10,5° < x < 10°,0.4350,2.001
87,14637,2023-08-31 14:15:52,10,5° < x < 10°,0.4261,1.958
87,14639,2023-08-31 14:15:53,10,5° < x < 10°,0.4231,1.954
87,14642,2023-08-31 14:15:54,10,5° < x < 10°,0.4286,1.976
87,14641,2023-08-31 14:15:54,10,5° < x < 10°,0.4189,1.943
87,14640,2023-08-31 14:15:54,10,5° < x < 10°,0.4189,1.942
87,14645,2023-08-31 14:16:03,15,10° < x < 15°,0.4268,1.976
87,14644,2023-08-31 14:16:03,15,10° < x < 15°,0.4256,1.975
87,14643,2023-08-31 14:16:03,15,10° < x < 15°,0.4267,1.973
87,14646,2023-08-31 14:16:04,15,10° < x < 15°,0.4287,1.978
87,14647,2023-08-31 14:16:05,15,10° < x < 15°,0.4197,1.929
87,14648,2023-08-31 14:16:05,15,10° < x < 15°,0.4220,1.948
87,14649,2023-08-31 14:16:05,15,10° < x < 15°,0.4303,1.986
87,14650,2023-08-31 14:16:06,15,10° < x < 15°,0.4196,1.933
87,14654,2023-08-31 14:16:07,15,10° < x < 15°,0.4256,1.972
87,14651,2023-08-31 14:16:07,15,10° < x < 15°,0.4217,1.960
87,14652,2023-08-31 14:16:07,15,10° < x < 15°,0.4256,1.975
87,14653,2023-08-31 14:16:07,15,10° < x < 15°,0.4117,1.910
87,14656,2023-08-31 14:16:08,15,10° < x < 15°,0.4238,1.970
87,14658,2023-08-31 14:16:09,15,10° < x < 15°,0.4217,1.960
87,14657,2023-08-31 14:16:09,15,10° < x < 15°,0.4253,1.970
87,14659,2023-08-31 14:16:09,15,10° < x < 15°,0.4239,1.964
87,14660,2023-08-31 14:16:15,20,x > 15°,0.4103,1.949
87,14661,2023-08-31 14:16:16,20,x > 15°,0.4013,1.915
87,14664,2023-08-31 14:16:17,20,x > 15°,0.4086,1.928
87,14662,2023-08-31 14:16:17,20,x > 15°,0.4091,1.922
87,14663,2023-08-31 14:16:17,20,x > 15°,0.4099,1.938
87,14665,2023-08-31 14:16:17,20,x > 15°,0.4079,1.924
87,14667,2023-08-31 14:16:19,20,x > 15°,0.4019,1.895
87,14666,2023-08-31 14:16:19,20,x > 15°,0.4019,1.905
87,14668,2023-08-31 14:16:19,20,x > 15°,0.4063,1.918
87,14669,2023-08-31 14:16:20,20,x > 15°,0.4093,1.937
87,14670,2023-08-31 14:16:20,20,x > 15°,0.4148,1.957
87,14672,2023-08-31 14:16:21,20,x > 15°,0.4071,1.925
87,14671,2023-08-31 14:16:21,20,x > 15°,0.4047,1.913
87,14673,2023-08-31 14:16:21,20,x > 15°,0.4087,1.929
87,14677,2023-08-31 14:16:28,25,x > 15°,0.3803,1.917
87,14674,2023-08-31 14:16:28,25,x > 15°,0.3933,1.976
87,14676,2023-08-31 14:16:28,25,x > 15°,0.3859,1.941
87,14678,2023-08-31 14:16:29,25,x > 15°,0.3902,1.953
87,14680,2023-08-31 14:16:30,25,x > 15°,0.3854,1.916
87,14679,2023-08-31 14:16:30,25,x > 15°,0.3914,1.948
87,14681,2023-08-31 14:16:30,25,x > 15°,0.3848,1.915
87,14683,2023-08-31 14:16:30,25,x > 15°,0.3864,1.920
87,14684,2023-08-31 14:16:31,25,x > 15°,0.3853,1.920
87,14685,2023-08-31 14:16:32,25,x > 15°,0.3856,1.913
87,14686,2023-08-31 14:16:32,25,x > 15°,0.3863,1.919
87,14687,2023-08-31 14:16:32,25,x > 15°,0.3925,1.947
87,14688,2023-08-31 14:16:32,25,x > 15°,0.3878,1.923
87,14689,2023-08-31 14:16:33,25,x > 15°,0.3864,1.922
87,14691,2023-08-31 14:16:34,25,x > 15°,0.3871,1.921
87,14690,2023-08-31 14:16:34,25,x > 15°,0.3885,1.924
87,14692,2023-08-31 14:16:34,25,x > 15°,0.3845,1.919
87,14693,2023-08-31 14:16:35,25,x > 15°,0.3862,1.923
87,14694,2023-08-31 14:16:35,25,x > 15°,0.3875,1.928
87,14695,2023-08-31 14:16:36,25,x > 15°,0.3824,1.902
87,14696,2023-08-31 14:16:36,25,x > 15°,0.3855,1.919
87,14697,2023-08-31 14:16:44,30,x > 15°,0.3638,1.920
87,14698,2023-08-31 14:16:44,30,x > 15°,0.3707,1.962
87,14699,2023-08-31 14:16:45,30,x > 15°,0.3640,1.923
87,14700,2023-08-31 14:16:45,30,x > 15°,0.3645,1.935
87,14702,2023-08-31 14:16:46,30,x > 15°,0.3633,1.921
87,14701,2023-08-31 14:16:46,30,x > 15°,0.3669,1.944
87,14703,2023-08-31 14:16:46,30,x > 15°,0.3650,1.932
87,14704,2023-08-31 14:16:47,30,x > 15°,0.3695,1.952
87,14705,2023-08-31 14:16:47,30,x > 15°,0.3616,1.912
87,14707,2023-08-31 14:16:48,30,x > 15°,0.3712,1.955
87,14706,2023-08-31 14:16:48,30,x > 15°,0.3709,1.955
87,14708,2023-08-31 14:16:48,30,x > 15°,0.3680,1.938
87,14709,2023-08-31 14:16:49,30,x > 15°,0.3669,1.936
87,14710,2023-08-31 14:16:49,30,x > 15°,0.3719,1.961
87,14713,2023-08-31 14:16:50,30,x > 15°,0.3594,1.914
87,14711,2023-08-31 14:16:50,30,x > 15°,0.3647,1.944
87,14712,2023-08-31 14:16:50,30,x > 15°,0.3662,1.944
87,14714,2023-08-31 14:16:50,30,x > 15°,0.3624,1.923
87,14715,2023-08-31 14:16:51,30,x > 15°,0.3620,1.929
87,14716,2023-08-31 14:16:56,35,x > 15°,0.3410,1.941
87,14717,2023-08-31 14:16:58,35,x > 15°,0.3447,1.945
87,14719,2023-08-31 14:16:58,35,x > 15°,0.3465,1.956
87,14718,2023-08-31 14:16:58,35,x > 15°,0.3403,1.932
87,14720,2023-08-31 14:16:59,35,x > 15°,0.3405,1.927
87,14722,2023-08-31 14:17:00,35,x > 15°,0.3452,1.955
87,14721,2023-08-31 14:17:00,35,x > 15°,0.3419,1.936
87,14723,2023-08-31 14:17:00,35,x > 15°,0.3435,1.948
87,14724,2023-08-31 14:17:01,35,x > 15°,0.3588,2.028
87,14727,2023-08-31 14:17:02,35,x > 15°,0.3405,1.933
87,14728,2023-08-31 14:17:02,35,x > 15°,0.3458,1.976
87,14726,2023-08-31 14:17:02,35,x > 15°,0.3410,1.933
87,14729,2023-08-31 14:17:04,35,x > 15°,0.3414,1.939
87,14731,2023-08-31 14:17:05,35,x > 15°,0.3374,1.936
87,14734,2023-08-31 14:17:05,35,x > 15°,0.3483,1.996
87,14733,2023-08-31 14:17:05,35,x > 15°,0.3407,1.947
87,14732,2023-08-31 14:17:05,35,x > 15°,0.3429,1.949
87,14730,2023-08-31 14:17:05,35,x > 15°,0.3516,2.010
87,14737,2023-08-31 14:17:13,40,x > 15°,0.3263,1.924
87,14736,2023-08-31 14:17:13,40,x > 15°,0.3297,1.957
87,14735,2023-08-31 14:17:13,40,x > 15°,0.3294,1.953
87,14739,2023-08-31 14:17:13,40,x > 15°,0.3297,1.940
87,14738,2023-08-31 14:17:13,40,x > 15°,0.3329,1.972
87,14741,2023-08-31 14:17:15,40,x > 15°,0.3286,1.944
87,14740,2023-08-31 14:17:15,40,x > 15°,0.3274,1.937
87,14742,2023-08-31 14:17:15,40,x > 15°,0.3266,1.938
87,14743,2023-08-31 14:17:16,40,x > 15°,0.3250,1.933
87,14744,2023-08-31 14:17:17,40,x > 15°,0.3226,1.937
87,14746,2023-08-31 14:17:17,40,x > 15°,0.3312,1.971
87,14745,2023-08-31 14:17:17,40,x > 15°,0.3284,1.954
87,14747,2023-08-31 14:17:18,40,x > 15°,0.3213,1.928
87,14748,2023-08-31 14:17:19,40,x > 15°,0.3240,1.943
87,14751,2023-08-31 14:17:19,40,x > 15°,0.3261,1.963
87,14750,2023-08-31 14:17:19,40,x > 15°,0.3251,1.949
87,14749,2023-08-31 14:17:19,40,x > 15°,0.3247,1.954
87,14752,2023-08-31 14:17:20,40,x > 15°,0.3268,1.967
87,14753,2023-08-31 14:17:27,45,x > 15°,0.2889,1.954
87,14754,2023-08-31 14:17:27,45,x > 15°,0.2888,1.955
87,14756,2023-08-31 14:17:28,45,x > 15°,0.2837,1.920
87,14755,2023-08-31 14:17:28,45,x > 15°,0.2895,1.962
87,14757,2023-08-31 14:17:28,45,x > 15°,0.2867,1.946
87,14758,2023-08-31 14:17:29,45,x > 15°,0.2920,1.960
87,14760,2023-08-31 14:17:30,45,x > 15°,0.2900,1.950
87,14759,2023-08-31 14:17:30,45,x > 15°,0.2897,1.959
87,14761,2023-08-31 14:17:30,45,x > 15°,0.2868,1.923
87,14762,2023-08-31 14:17:30,45,x > 15°,0.2896,1.950
87,14763,2023-08-31 14:17:30,45,x > 15°,0.2895,1.956
87,14765,2023-08-31 14:17:32,45,x > 15°,0.3100,2.071
87,14767,2023-08-31 14:17:32,45,x > 15°,0.2903,1.941
87,14764,2023-08-31 14:17:32,45,x > 15°,0.3106,2.069
87,14766,2023-08-31 14:17:32,45,x > 15°,0.2928,1.940
87,14768,2023-08-31 14:17:33,45,x > 15°,0.2916,1.934
87,14769,2023-08-31 14:17:34,45,x > 15°,0.2923,1.940
87,14770,2023-08-31 14:17:35,45,x > 15°,0.2918,1.937
87,14774,2023-08-31 14:17:35,45,x > 15°,0.2963,1.961
87,14773,2023-08-31 14:17:35,45,x > 15°,0.2962,1.958
87,14772,2023-08-31 14:17:35,45,x > 15°,0.3064,2.027
87,14771,2023-08-31 14:17:35,45,x > 15°,0.2904,1.924
87,14775,2023-08-31 14:17:36,45,x > 15°,0.2950,1.952
87,14795,2023-08-31 19:45:28,0,x < 5°,0.4592,4.221
87,14796,2023-08-31 19:45:28,0,x < 5°,0.4598,4.196
87,14797,2023-08-31 19:45:28,0,x < 5°,0.4469,4.080
87,14800,2023-08-31 19:45:29,0,x < 5°,0.4639,4.238
87,14799,2023-08-31 19:45:29,0,x < 5°,0.4588,4.189
87,14798,2023-08-31 19:45:29,0,x < 5°,0.4359,3.981
87,14801,2023-08-31 19:45:30,0,x < 5°,0.4556,4.173
87,14802,2023-08-31 19:45:30,0,x < 5°,0.4646,4.216
87,14804,2023-08-31 19:45:31,0,x < 5°,0.4526,4.162
87,14803,2023-08-31 19:45:31,0,x < 5°,0.4553,4.172
87,14806,2023-08-31 19:45:32,0,x < 5°,0.4576,4.214
87,14805,2023-08-31 19:45:32,0,x < 5°,0.4320,3.980
87,14808,2023-08-31 19:45:33,0,x < 5°,0.4486,4.132
87,14809,2023-08-31 19:45:33,0,x < 5°,0.4462,4.104
87,14807,2023-08-31 19:45:33,0,x < 5°,0.4573,4.186
87,14811,2023-08-31 19:45:34,0,x < 5°,0.4336,4.006
87,14810,2023-08-31 19:45:34,0,x < 5°,0.4315,3.988
87,14815,2023-08-31 19:45:40,5,5° < x < 10°,0.4400,4.063
87,14812,2023-08-31 19:45:40,5,5° < x < 10°,0.4416,4.085
87,14813,2023-08-31 19:45:40,5,5° < x < 10°,0.4547,4.194
87,14816,2023-08-31 19:45:40,5,5° < x < 10°,0.4607,4.238
87,14814,2023-08-31 19:45:40,5,5° < x < 10°,0.4488,4.133
87,14817,2023-08-31 19:45:41,5,5° < x < 10°,0.4458,4.118
87,14821,2023-08-31 19:45:42,5,5° < x < 10°,0.4400,4.058
87,14820,2023-08-31 19:45:42,5,5° < x < 10°,0.4465,4.140
87,14818,2023-08-31 19:45:42,5,5° < x < 10°,0.4527,4.154
87,14822,2023-08-31 19:45:43,5,5° < x < 10°,0.4475,4.145
87,14823,2023-08-31 19:45:44,5,5° < x < 10°,0.4444,4.105
87,14824,2023-08-31 19:45:44,5,5° < x < 10°,0.4535,4.199
87,14825,2023-08-31 19:45:44,5,5° < x < 10°,0.4388,4.054
87,14826,2023-08-31 19:45:46,5,5° < x < 10°,0.4943,4.564
87,14827,2023-08-31 19:45:46,5,5° < x < 10°,0.4534,4.177
87,14828,2023-08-31 19:45:46,5,5° < x < 10°,0.4534,4.183
87,14829,2023-08-31 19:45:46,5,5° < x < 10°,0.4512,4.140
87,14830,2023-08-31 19:45:56,10,5° < x < 10°,0.4459,4.193
87,14831,2023-08-31 19:45:56,10,5° < x < 10°,0.4471,4.198
87,14832,2023-08-31 19:45:56,10,5° < x < 10°,0.4506,4.226
87,14833,2023-08-31 19:45:56,10,5° < x < 10°,0.4423,4.150
87,14834,2023-08-31 19:45:57,10,5° < x < 10°,0.4342,4.046
87,14835,2023-08-31 19:45:58,10,5° < x < 10°,0.4310,4.073
87,14836,2023-08-31 19:45:58,10,5° < x < 10°,0.4703,4.388
87,14837,2023-08-31 19:45:58,10,5° < x < 10°,0.4432,4.115
87,14838,2023-08-31 19:45:58,10,5° < x < 10°,0.4469,4.209
87,14839,2023-08-31 19:45:58,10,5° < x < 10°,0.4473,4.221
87,14840,2023-08-31 19:45:59,10,5° < x < 10°,0.4338,4.118
87,14843,2023-08-31 19:46:00,10,5° < x < 10°,0.4420,4.103
87,14841,2023-08-31 19:46:00,10,5° < x < 10°,0.4503,4.212
87,14842,2023-08-31 19:46:00,10,5° < x < 10°,0.4510,4.197
87,14844,2023-08-31 19:46:00,10,5° < x < 10°,0.4362,4.073
87,14845,2023-08-31 19:46:01,10,5° < x < 10°,0.4523,4.223
87,14846,2023-08-31 19:46:01,10,5° < x < 10°,0.4603,4.279
87,14850,2023-08-31 19:46:02,10,5° < x < 10°,0.4496,4.234
87,14847,2023-08-31 19:46:02,10,5° < x < 10°,0.4397,4.083
87,14848,2023-08-31 19:46:02,10,5° < x < 10°,0.4330,4.049
87,14849,2023-08-31 19:46:02,10,5° < x < 10°,0.5863,5.471
87,14851,2023-08-31 19:46:06,15,10° < x < 15°,0.4386,4.159
87,14855,2023-08-31 19:46:07,15,10° < x < 15°,0.4388,4.183
87,14854,2023-08-31 19:46:07,15,10° < x < 15°,0.4340,4.147
87,14853,2023-08-31 19:46:07,15,10° < x < 15°,0.4306,4.115
87,14852,2023-08-31 19:46:07,15,10° < x < 15°,0.4297,4.119
87,14856,2023-08-31 19:46:08,15,10° < x < 15°,0.4381,4.156
87,14857,2023-08-31 19:46:08,15,10° < x < 15°,0.4256,4.055
87,14859,2023-08-31 19:46:09,15,10° < x < 15°,0.4401,4.192
87,14858,2023-08-31 19:46:09,15,10° < x < 15°,0.4374,4.128
87,14863,2023-08-31 19:46:10,15,10° < x < 15°,0.4401,4.156
87,14860,2023-08-31 19:46:10,15,10° < x < 15°,0.4393,4.169
87,14861,2023-08-31 19:46:10,15,10° < x < 15°,0.4309,4.124
87,14862,2023-08-31 19:46:10,15,10° < x < 15°,0.4258,4.069
87,14865,2023-08-31 19:46:11,15,10° < x < 15°,0.4333,4.104
87,14864,2023-08-31 19:46:11,15,10° < x < 15°,0.4431,4.175
87,14867,2023-08-31 19:46:12,15,10° < x < 15°,0.4377,4.148
87,14866,2023-08-31 19:46:12,15,10° < x < 15°,0.4178,3.986
87,14869,2023-08-31 19:46:17,15,10° < x < 15°,0.4846,4.568
87,14868,2023-08-31 19:46:17,15,10° < x < 15°,0.4337,4.122
87,14870,2023-08-31 19:46:18,15,10° < x < 15°,0.4463,4.199
87,14872,2023-08-31 19:46:19,15,10° < x < 15°,0.4144,3.912
87,14871,2023-08-31 19:46:19,15,10° < x < 15°,0.4295,4.094
87,14873,2023-08-31 19:46:20,15,10° < x < 15°,0.4135,3.917
87,14874,2023-08-31 19:46:20,15,10° < x < 15°,0.4432,4.182
87,14875,2023-08-31 19:46:27,20,x > 15°,0.4194,4.107
87,14879,2023-08-31 19:46:28,20,x > 15°,0.4165,4.165
87,14878,2023-08-31 19:46:28,20,x > 15°,0.4282,4.169
87,14877,2023-08-31 19:46:28,20,x > 15°,0.4135,4.078
87,14876,2023-08-31 19:46:28,20,x > 15°,0.4191,4.098
87,14881,2023-08-31 19:46:29,20,x > 15°,0.4116,4.045
87,14880,2023-08-31 19:46:29,20,x > 15°,0.4253,4.165
87,14882,2023-08-31 19:46:30,20,x > 15°,0.4201,4.122
87,14883,2023-08-31 19:46:30,20,x > 15°,0.4133,4.065
87,14885,2023-08-31 19:46:31,20,x > 15°,0.4212,4.155
87,14886,2023-08-31 19:46:31,20,x > 15°,0.4214,4.118
87,14884,2023-08-31 19:46:31,20,x > 15°,0.4014,3.942
87,14887,2023-08-31 19:46:32,20,x > 15°,0.4155,4.062
87,14889,2023-08-31 19:46:33,20,x > 15°,0.4188,4.026
87,14891,2023-08-31 19:46:33,20,x > 15°,0.4302,4.193
87,14890,2023-08-31 19:46:33,20,x > 15°,0.4117,4.019
87,14893,2023-08-31 19:46:34,20,x > 15°,0.4309,4.192
87,14892,2023-08-31 19:46:34,20,x > 15°,0.4262,4.141
87,14895,2023-08-31 19:46:40,25,x > 15°,0.4254,4.294
87,14896,2023-08-31 19:46:40,25,x > 15°,0.4125,4.172
87,14894,2023-08-31 19:46:40,25,x > 15°,0.4105,4.110
87,14897,2023-08-31 19:46:42,25,x > 15°,0.4155,4.138
87,14898,2023-08-31 19:46:42,25,x > 15°,0.4226,4.226
87,14899,2023-08-31 19:46:42,25,x > 15°,0.4139,4.165
87,14900,2023-08-31 19:46:42,25,x > 15°,0.4293,4.328
87,14901,2023-08-31 19:46:43,25,x > 15°,0.3989,4.104
87,14902,2023-08-31 19:46:44,25,x > 15°,0.4143,4.205
87,14903,2023-08-31 19:46:44,25,x > 15°,0.4146,4.193
87,14904,2023-08-31 19:46:44,25,x > 15°,0.4121,4.197
87,14905,2023-08-31 19:46:45,25,x > 15°,0.4090,4.166
87,14910,2023-08-31 19:46:46,25,x > 15°,0.4157,4.175
87,14906,2023-08-31 19:46:46,25,x > 15°,0.4073,4.099
87,14907,2023-08-31 19:46:46,25,x > 15°,0.4161,4.199
87,14908,2023-08-31 19:46:46,25,x > 15°,0.4111,4.195
87,14909,2023-08-31 19:46:46,25,x > 15°,0.4108,4.128
87,14911,2023-08-31 19:46:54,30,x > 15°,0.3861,4.102
87,14915,2023-08-31 19:46:55,30,x > 15°,0.3985,4.241
87,14912,2023-08-31 19:46:55,30,x > 15°,0.3957,4.180
87,14913,2023-08-31 19:46:55,30,x > 15°,0.3832,4.053
87,14914,2023-08-31 19:46:55,30,x > 15°,0.3974,4.191
87,14916,2023-08-31 19:46:56,30,x > 15°,0.4017,4.198
87,14917,2023-08-31 19:46:56,30,x > 15°,0.3945,4.108
87,14921,2023-08-31 19:46:57,30,x > 15°,0.3956,4.149
87,14920,2023-08-31 19:46:57,30,x > 15°,0.3927,4.123
87,14919,2023-08-31 19:46:57,30,x > 15°,0.3855,4.084
87,14918,2023-08-31 19:46:57,30,x > 15°,0.4059,4.262
87,14923,2023-08-31 19:46:58,30,x > 15°,0.3950,4.153
87,14922,2023-08-31 19:46:58,30,x > 15°,0.3909,4.098
87,14925,2023-08-31 19:46:59,30,x > 15°,0.4042,4.213
87,14926,2023-08-31 19:46:59,30,x > 15°,0.3950,4.145
87,14924,2023-08-31 19:46:59,30,x > 15°,0.3866,4.045
87,14927,2023-08-31 19:47:00,30,x > 15°,0.3786,4.050
87,14928,2023-08-31 19:47:00,30,x > 15°,0.3840,4.086
87,14929,2023-08-31 19:47:00,30,x > 15°,0.3868,4.148
87,14930,2023-08-31 19:47:01,30,x > 15°,0.3867,4.124
87,14931,2023-08-31 19:47:07,35,x > 15°,0.3611,4.016
87,14932,2023-08-31 19:47:08,35,x > 15°,0.3765,4.248
87,14933,2023-08-31 19:47:08,35,x > 15°,0.3548,3.957
87,14934,2023-08-31 19:47:08,35,x > 15°,0.3682,4.140
87,14935,2023-08-31 19:47:09,35,x > 15°,0.3628,4.043
87,14936,2023-08-31 19:47:09,35,x > 15°,0.3760,4.239
87,14937,2023-08-31 19:47:09,35,x > 15°,0.3798,4.250
87,14938,2023-08-31 19:47:10,35,x > 15°,0.3725,4.158
87,14941,2023-08-31 19:47:11,35,x > 15°,0.3580,3.995
87,14942,2023-08-31 19:47:11,35,x > 15°,0.3639,4.052
87,14940,2023-08-31 19:47:11,35,x > 15°,0.3575,3.996
87,14939,2023-08-31 19:47:11,35,x > 15°,0.3526,3.914
87,14943,2023-08-31 19:47:12,35,x > 15°,0.3482,3.869
87,14944,2023-08-31 19:47:12,35,x > 15°,0.3780,4.233
87,14949,2023-08-31 19:47:13,35,x > 15°,0.3674,4.086
87,14947,2023-08-31 19:47:13,35,x > 15°,0.3550,3.963
87,14946,2023-08-31 19:47:13,35,x > 15°,0.3632,4.050
87,14945,2023-08-31 19:47:13,35,x > 15°,0.3601,4.022
87,14948,2023-08-31 19:47:13,35,x > 15°,0.3716,4.126
87,14951,2023-08-31 19:47:19,40,x > 15°,0.3526,4.140
87,14950,2023-08-31 19:47:19,40,x > 15°,0.3471,4.111
87,14953,2023-08-31 19:47:20,40,x > 15°,0.3338,3.960
87,14954,2023-08-31 19:47:21,40,x > 15°,0.3381,3.966
87,14955,2023-08-31 19:47:21,40,x > 15°,0.3541,4.162
87,14956,2023-08-31 19:47:21,40,x > 15°,0.3580,4.202
87,14957,2023-08-31 19:47:21,40,x > 15°,0.3505,4.154
87,14959,2023-08-31 19:47:23,40,x > 15°,0.3411,3.993
87,14958,2023-08-31 19:47:23,40,x > 15°,0.3511,4.166
87,14962,2023-08-31 19:47:23,40,x > 15°,0.3432,4.123
87,14961,2023-08-31 19:47:23,40,x > 15°,0.3544,4.199
87,14960,2023-08-31 19:47:23,40,x > 15°,0.3496,4.143
87,14966,2023-08-31 19:47:25,40,x > 15°,0.3449,4.058
87,14965,2023-08-31 19:47:25,40,x > 15°,0.3591,4.240
87,14964,2023-08-31 19:47:25,40,x > 15°,0.3476,4.160
87,14963,2023-08-31 19:47:25,40,x > 15°,0.3596,4.163
87,14967,2023-08-31 19:47:26,40,x > 15°,0.3438,4.078
87,14969,2023-08-31 19:47:30,45,x > 15°,0.3288,4.146
87,14968,2023-08-31 19:47:30,45,x > 15°,0.3204,4.061
87,14970,2023-08-31 19:47:31,45,x > 15°,0.3197,4.139
87,14971,2023-08-31 19:47:31,45,x > 15°,0.3252,4.165
87,14974,2023-08-31 19:47:32,45,x > 15°,0.3193,4.087
87,14973,2023-08-31 19:47:32,45,x > 15°,0.3233,4.159
87,14972,2023-08-31 19:47:32,45,x > 15°,0.3291,4.184
87,14975,2023-08-31 19:47:33,45,x > 15°,0.3244,4.167
87,14979,2023-08-31 19:47:34,45,x > 15°,0.3280,4.170
87,14978,2023-08-31 19:47:34,45,x > 15°,0.3242,4.140
87,14977,2023-08-31 19:47:34,45,x > 15°,0.3233,4.164
87,14976,2023-08-31 19:47:34,45,x > 15°,0.3093,3.949
87,14983,2023-08-31 19:47:36,45,x > 15°,0.3263,4.182
87,14982,2023-08-31 19:47:36,45,x > 15°,0.3169,4.101
87,14981,2023-08-31 19:47:36,45,x > 15°,0.3201,4.138
87,14980,2023-08-31 19:47:36,45,x > 15°,0.3234,4.129
87,14984,2023-08-31 19:47:37,45,x > 15°,0.3254,4.121
87,14985,2023-08-31 19:47:37,45,x > 15°,0.3281,4.104
94,17509,2023-08-31 16:06:41,0,x < 5°,0.4499,2.054
94,17511,2023-08-31 16:06:41,0,x < 5°,0.4447,2.031
94,17508,2023-08-31 16:06:41,0,x < 5°,0.4448,2.024
94,17510,2023-08-31 16:06:41,0,x < 5°,0.4486,2.043
94,17514,2023-08-31 16:06:45,0,x < 5°,0.4361,2.037
94,17512,2023-08-31 16:06:45,0,x < 5°,0.4497,2.049
94,17513,2023-08-31 16:06:45,0,x < 5°,0.4334,2.067
94,17517,2023-08-31 16:06:47,0,x < 5°,0.4427,2.049
94,17518,2023-08-31 16:06:47,0,x < 5°,0.4384,2.034
94,17515,2023-08-31 16:06:47,0,x < 5°,0.4359,2.030
94,17516,2023-08-31 16:06:47,0,x < 5°,0.4480,2.064
94,17522,2023-08-31 16:06:49,0,x < 5°,0.4401,2.044
94,17520,2023-08-31 16:06:49,0,x < 5°,0.4429,2.071
94,17521,2023-08-31 16:06:49,0,x < 5°,0.4356,2.029
94,17523,2023-08-31 16:06:56,5,5° < x < 10°,0.4406,2.051
94,17524,2023-08-31 16:06:56,5,5° < x < 10°,0.4375,2.040
94,17525,2023-08-31 16:06:57,5,5° < x < 10°,0.4304,1.996
94,17526,2023-08-31 16:06:58,5,5° < x < 10°,0.4410,2.056
94,17529,2023-08-31 16:06:58,5,5° < x < 10°,0.4385,2.029
94,17528,2023-08-31 16:06:58,5,5° < x < 10°,0.4436,2.057
94,17527,2023-08-31 16:06:58,5,5° < x < 10°,0.4413,2.040
94,17532,2023-08-31 16:07:00,5,5° < x < 10°,0.4363,2.023
94,17530,2023-08-31 16:07:00,5,5° < x < 10°,0.4339,2.014
94,17531,2023-08-31 16:07:00,5,5° < x < 10°,0.4311,2.017
94,17533,2023-08-31 16:07:02,5,5° < x < 10°,0.4386,2.034
94,17534,2023-08-31 16:07:02,5,5° < x < 10°,0.4360,2.031
94,17535,2023-08-31 16:07:02,5,5° < x < 10°,0.4431,2.062
94,17539,2023-08-31 16:07:09,10,5° < x < 10°,0.4280,1.998
94,17536,2023-08-31 16:07:09,10,5° < x < 10°,0.4296,2.065
94,17537,2023-08-31 16:07:09,10,5° < x < 10°,0.4526,2.135
94,17538,2023-08-31 16:07:09,10,5° < x < 10°,0.4299,2.045
94,17540,2023-08-31 16:07:09,10,5° < x < 10°,0.4224,2.013
94,17541,2023-08-31 16:07:11,10,5° < x < 10°,0.4385,2.067
94,17543,2023-08-31 16:07:12,10,5° < x < 10°,0.4308,2.042
94,17542,2023-08-31 16:07:12,10,5° < x < 10°,0.4322,2.042
94,17544,2023-08-31 16:07:13,10,5° < x < 10°,0.4356,2.011
94,17546,2023-08-31 16:07:13,10,5° < x < 10°,0.4402,2.067
94,17545,2023-08-31 16:07:13,10,5° < x < 10°,0.4333,2.044
94,17548,2023-08-31 16:07:15,10,5° < x < 10°,0.4370,2.041
94,17547,2023-08-31 16:07:15,10,5° < x < 10°,0.4366,2.051
94,17549,2023-08-31 16:07:15,10,5° < x < 10°,0.4346,2.041
94,17550,2023-08-31 16:07:15,10,5° < x < 10°,0.4378,2.041
94,17553,2023-08-31 16:07:22,15,10° < x < 15°,0.4328,2.024
94,17551,2023-08-31 16:07:22,15,10° < x < 15°,0.4243,1.983
94,17554,2023-08-31 16:07:23,15,10° < x < 15°,0.4346,2.033
94,17555,2023-08-31 16:07:24,15,10° < x < 15°,0.4340,2.021
94,17556,2023-08-31 16:07:24,15,10° < x < 15°,0.4326,2.020
94,17557,2023-08-31 16:07:25,15,10° < x < 15°,0.4372,2.029
94,17558,2023-08-31 16:07:25,15,10° < x < 15°,0.4324,2.018
94,17559,2023-08-31 16:07:26,15,10° < x < 15°,0.4394,2.052
94,17560,2023-08-31 16:07:27,15,10° < x < 15°,0.4360,2.035
94,17561,2023-08-31 16:07:27,15,10° < x < 15°,0.4329,2.027
94,17563,2023-08-31 16:07:28,15,10° < x < 15°,0.4309,2.005
94,17562,2023-08-31 16:07:28,15,10° < x < 15°,0.4391,2.049
94,17564,2023-08-31 16:07:29,15,10° < x < 15°,0.4333,2.025
94,17565,2023-08-31 16:07:31,15,10° < x < 15°,0.4313,2.016
94,17566,2023-08-31 16:07:31,15,10° < x < 15°,0.4321,2.017
94,17567,2023-08-31 16:07:38,20,x > 15°,0.4242,2.007
94,17568,2023-08-31 16:07:39,20,x > 15°,0.4356,2.065
94,17570,2023-08-31 16:07:39,20,x > 15°,0.4278,2.039
94,17569,2023-08-31 16:07:39,20,x > 15°,0.4233,2.016
94,17573,2023-08-31 16:07:41,20,x > 15°,0.4254,2.027
94,17571,2023-08-31 16:07:41,20,x > 15°,0.4309,2.056
94,17574,2023-08-31 16:07:41,20,x > 15°,0.4306,2.048
94,17572,2023-08-31 16:07:41,20,x > 15°,0.4317,2.063
94,17575,2023-08-31 16:07:42,20,x > 15°,0.4309,2.055
94,17577,2023-08-31 16:07:43,20,x > 15°,0.4319,2.057
94,17579,2023-08-31 16:07:44,20,x > 15°,0.4308,2.052
94,17578,2023-08-31 16:07:44,20,x > 15°,0.4247,2.021
94,17580,2023-08-31 16:07:44,20,x > 15°,0.4230,2.017
94,17584,2023-08-31 16:07:46,20,x > 15°,0.4291,2.044
94,17583,2023-08-31 16:07:46,20,x > 15°,0.4307,2.054
94,17581,2023-08-31 16:07:46,20,x > 15°,0.4284,2.042
94,17585,2023-08-31 16:07:47,20,x > 15°,0.4297,2.044
94,17589,2023-08-31 16:07:53,25,x > 15°,0.4097,1.998
94,17588,2023-08-31 16:07:53,25,x > 15°,0.4154,2.024
94,17587,2023-08-31 16:07:53,25,x > 15°,0.4184,2.037
94,17586,2023-08-31 16:07:53,25,x > 15°,0.4151,2.020
94,17590,2023-08-31 16:07:55,25,x > 15°,0.4205,2.050
94,17592,2023-08-31 16:07:55,25,x > 15°,0.4122,2.012
94,17593,2023-08-31 16:07:55,25,x > 15°,0.4176,2.030
94,17591,2023-08-31 16:07:55,25,x > 15°,0.4140,2.021
94,17597,2023-08-31 16:07:57,25,x > 15°,0.4165,2.032
94,17594,2023-08-31 16:07:57,25,x > 15°,0.4057,1.980
94,17595,2023-08-31 16:07:57,25,x > 15°,0.4250,2.074
94,17598,2023-08-31 16:07:58,25,x > 15°,0.4142,2.020
94,17599,2023-08-31 16:07:58,25,x > 15°,0.4055,1.978
94,17600,2023-08-31 16:07:59,25,x > 15°,0.4069,1.980
94,17602,2023-08-31 16:07:59,25,x > 15°,0.4111,2.003
94,17604,2023-08-31 16:08:04,30,x > 15°,0.3971,2.038
94,17603,2023-08-31 16:08:04,30,x > 15°,0.3923,2.009
94,17606,2023-08-31 16:08:05,30,x > 15°,0.3922,2.006
94,17605,2023-08-31 16:08:05,30,x > 15°,0.3938,2.016
94,17609,2023-08-31 16:08:06,30,x > 15°,0.3921,2.019
94,17607,2023-08-31 16:08:06,30,x > 15°,0.4042,2.069
94,17608,2023-08-31 16:08:06,30,x > 15°,0.3970,2.028
94,17611,2023-08-31 16:08:07,30,x > 15°,0.3986,2.041
94,17610,2023-08-31 16:08:07,30,x > 15°,0.3986,2.044
94,17614,2023-08-31 16:08:09,30,x > 15°,0.3910,2.003
94,17612,2023-08-31 16:08:09,30,x > 15°,0.3896,1.993
94,17613,2023-08-31 16:08:09,30,x > 15°,0.4057,2.080
94,17617,2023-08-31 16:08:11,30,x > 15°,0.3942,2.011
94,17615,2023-08-31 16:08:11,30,x > 15°,0.3958,2.015
94,17616,2023-08-31 16:08:11,30,x > 15°,0.3965,2.016
94,17618,2023-08-31 16:08:11,30,x > 15°,0.3920,2.004
94,17623,2023-08-31 16:08:22,35,x > 15°,0.3721,2.012
94,17619,2023-08-31 16:08:22,35,x > 15°,0.3748,2.022
94,17620,2023-08-31 16:08:22,35,x > 15°,0.3699,1.995
94,17621,2023-08-31 16:08:22,35,x > 15°,0.3757,2.028
94,17622,2023-08-31 16:08:22,35,x > 15°,0.3768,2.032
94,17626,2023-08-31 16:08:24,35,x > 15°,0.4181,2.003
94,17624,2023-08-31 16:08:24,35,x > 15°,0.3767,2.032
94,17625,2023-08-31 16:08:24,35,x > 15°,0.3727,2.014
94,17627,2023-08-31 16:08:24,35,x > 15°,0.3766,2.029
94,17630,2023-08-31 16:08:26,35,x > 15°,0.4207,2.031
94,17628,2023-08-31 16:08:26,35,x > 15°,0.3930,2.128
94,17629,2023-08-31 16:08:26,35,x > 15°,0.3754,2.031
94,17631,2023-08-31 16:08:26,35,x > 15°,0.4230,2.036
94,17632,2023-08-31 16:08:28,35,x > 15°,0.3736,2.027
94,17633,2023-08-31 16:08:28,35,x > 15°,0.4245,2.046
94,17634,2023-08-31 16:08:28,35,x > 15°,0.3750,2.024
94,17635,2023-08-31 16:08:28,35,x > 15°,0.3681,2.002
94,17637,2023-08-31 16:08:37,40,x > 15°,0.4008,2.017
94,17636,2023-08-31 16:08:37,40,x > 15°,0.4030,2.038
94,17638,2023-08-31 16:08:38,40,x > 15°,0.4005,2.020
94,17639,2023-08-31 16:08:39,40,x > 15°,0.4075,2.050
94,17640,2023-08-31 16:08:39,40,x > 15°,0.4102,2.063
94,17641,2023-08-31 16:08:39,40,x > 15°,0.3939,1.979
94,17642,2023-08-31 16:08:40,40,x > 15°,0.3502,1.977
94,17644,2023-08-31 16:08:41,40,x > 15°,0.3955,1.987
94,17646,2023-08-31 16:08:41,40,x > 15°,0.3489,1.978
94,17643,2023-08-31 16:08:41,40,x > 15°,0.3524,1.985
94,17645,2023-08-31 16:08:41,40,x > 15°,0.3550,2.002
94,17647,2023-08-31 16:08:42,40,x > 15°,0.3577,2.017
94,17648,2023-08-31 16:08:43,40,x > 15°,0.3504,1.990
94,17649,2023-08-31 16:08:43,40,x > 15°,0.3523,1.988
94,17650,2023-08-31 16:08:43,40,x > 15°,0.3535,2.002
94,17653,2023-08-31 16:08:57,45,x > 15°,0.3254,1.956
94,17654,2023-08-31 16:08:57,45,x > 15°,0.3257,1.976
94,17651,2023-08-31 16:08:57,45,x > 15°,0.3268,1.980
94,17652,2023-08-31 16:08:57,45,x > 15°,0.3274,1.982
94,17655,2023-08-31 16:08:59,45,x > 15°,0.3341,2.027
94,17656,2023-08-31 16:08:59,45,x > 15°,0.3276,1.986
94,17661,2023-08-31 16:09:01,45,x > 15°,0.3295,1.985
94,17659,2023-08-31 16:09:01,45,x > 15°,0.3219,1.947
94,17658,2023-08-31 16:09:01,45,x > 15°,0.3638,1.960
94,17660,2023-08-31 16:09:01,45,x > 15°,0.3276,1.981
94,17662,2023-08-31 16:09:03,45,x > 15°,0.3345,1.997
94,17663,2023-08-31 16:09:03,45,x > 15°,0.3319,1.990
94,17664,2023-08-31 16:09:03,45,x > 15°,0.3373,2.008
94,17665,2023-08-31 16:09:04,45,x > 15°,0.3339,1.994
94,17666,2023-08-31 16:09:04,45,x > 15°,0.3328,1.979
94,17698,2023-08-31 21:39:10,0,x < 5°,0.4353,4.072
94,17696,2023-08-31 21:39:10,0,x < 5°,0.4359,4.094
94,17695,2023-08-31 21:39:10,0,x < 5°,0.4504,4.221
94,17700,2023-08-31 21:39:27,0,x < 5°,0.4512,4.192
94,17701,2023-08-31 21:39:28,0,x < 5°,0.4443,4.152
94,17702,2023-08-31 21:39:28,0,x < 5°,0.4516,4.205
94,17705,2023-08-31 21:39:30,0,x < 5°,0.4206,3.952
94,17706,2023-08-31 21:39:30,0,x < 5°,0.4247,3.985
94,17707,2023-08-31 21:39:30,0,x < 5°,0.4456,4.184
94,17709,2023-08-31 21:39:31,0,x < 5°,0.4439,4.220
94,17710,2023-08-31 21:39:32,0,x < 5°,0.4410,4.138
94,17711,2023-08-31 21:39:32,0,x < 5°,0.4472,4.211
94,17712,2023-08-31 21:39:39,5,5° < x < 10°,0.4509,4.208
94,17715,2023-08-31 21:39:40,5,5° < x < 10°,0.4315,4.047
94,17713,2023-08-31 21:39:40,5,5° < x < 10°,0.4656,4.342
94,17717,2023-08-31 21:39:40,5,5° < x < 10°,0.4387,4.099
94,17720,2023-08-31 21:39:42,5,5° < x < 10°,0.4556,4.224
94,17719,2023-08-31 21:39:42,5,5° < x < 10°,0.4309,4.003
94,17722,2023-08-31 21:39:42,5,5° < x < 10°,0.4732,4.405
94,17721,2023-08-31 21:39:42,5,5° < x < 10°,0.4531,4.200
94,17718,2023-08-31 21:39:42,5,5° < x < 10°,0.4277,3.949
94,17727,2023-08-31 21:39:45,5,5° < x < 10°,0.4510,4.242
94,17724,2023-08-31 21:39:45,5,5° < x < 10°,0.4480,4.182
94,17728,2023-08-31 21:39:57,10,5° < x < 10°,0.4434,4.149
94,17729,2023-08-31 21:39:57,10,5° < x < 10°,0.4475,4.209
94,17730,2023-08-31 21:39:57,10,5° < x < 10°,0.4344,4.091
94,17733,2023-08-31 21:39:58,10,5° < x < 10°,0.4320,4.077
94,17732,2023-08-31 21:39:58,10,5° < x < 10°,0.4426,4.155
94,17734,2023-08-31 21:39:59,10,5° < x < 10°,0.4344,4.066
94,17737,2023-08-31 21:39:59,10,5° < x < 10°,0.4314,4.081
94,17736,2023-08-31 21:39:59,10,5° < x < 10°,0.4271,4.051
94,17735,2023-08-31 21:39:59,10,5° < x < 10°,0.4314,4.101
94,17738,2023-08-31 21:40:00,10,5° < x < 10°,0.4331,4.083
94,17739,2023-08-31 21:40:01,10,5° < x < 10°,0.4416,4.154
94,17740,2023-08-31 21:40:01,10,5° < x < 10°,0.4452,4.231
94,17743,2023-08-31 21:40:02,10,5° < x < 10°,0.4761,4.489
94,17744,2023-08-31 21:40:02,10,5° < x < 10°,0.4364,4.106
94,17742,2023-08-31 21:40:02,10,5° < x < 10°,0.4450,4.184
94,17741,2023-08-31 21:40:02,10,5° < x < 10°,0.4549,4.280
94,17745,2023-08-31 21:40:09,15,10° < x < 15°,0.4327,4.163
94,17746,2023-08-31 21:40:10,15,10° < x < 15°,0.4394,4.213
94,17749,2023-08-31 21:40:10,15,10° < x < 15°,0.4368,4.172
94,17750,2023-08-31 21:40:10,15,10° < x < 15°,0.4340,4.165
94,17748,2023-08-31 21:40:10,15,10° < x < 15°,0.4294,4.113
94,17747,2023-08-31 21:40:10,15,10° < x < 15°,0.4318,4.158
94,17751,2023-08-31 21:40:12,15,10° < x < 15°,0.4347,4.146
94,17752,2023-08-31 21:40:12,15,10° < x < 15°,0.4292,4.102
94,17753,2023-08-31 21:40:12,15,10° < x < 15°,0.4411,4.190
94,17754,2023-08-31 21:40:12,15,10° < x < 15°,0.4291,4.085
94,17757,2023-08-31 21:40:14,15,10° < x < 15°,0.4275,4.043
94,17755,2023-08-31 21:40:14,15,10° < x < 15°,0.4349,4.164
94,17756,2023-08-31 21:40:14,15,10° < x < 15°,0.4325,4.110
94,17759,2023-08-31 21:40:15,15,10° < x < 15°,0.4286,4.093
94,17763,2023-08-31 21:40:16,15,10° < x < 15°,0.4350,4.162
94,17760,2023-08-31 21:40:16,15,10° < x < 15°,0.4326,4.104
94,17761,2023-08-31 21:40:16,15,10° < x < 15°,0.4301,4.092
94,17762,2023-08-31 21:40:16,15,10° < x < 15°,0.4260,4.093
94,17765,2023-08-31 21:40:27,20,x > 15°,0.4267,4.194
94,17764,2023-08-31 21:40:27,20,x > 15°,0.4236,4.157
94,17766,2023-08-31 21:40:27,20,x > 15°,0.4206,4.142
94,17767,2023-08-31 21:40:28,20,x > 15°,0.4258,4.129
94,17768,2023-08-31 21:40:28,20,x > 15°,0.4155,4.085
94,17771,2023-08-31 21:40:29,20,x > 15°,0.4160,4.053
94,17769,2023-08-31 21:40:29,20,x > 15°,0.4253,4.143
94,17770,2023-08-31 21:40:29,20,x > 15°,0.4129,3.992
94,17772,2023-08-31 21:40:30,20,x > 15°,0.4280,4.170
94,17773,2023-08-31 21:40:31,20,x > 15°,0.4331,4.198
94,17777,2023-08-31 21:40:32,20,x > 15°,0.4313,4.187
94,17776,2023-08-31 21:40:32,20,x > 15°,0.4295,4.198
94,17775,2023-08-31 21:40:32,20,x > 15°,0.4187,4.070
94,17778,2023-08-31 21:40:32,20,x > 15°,0.4384,4.218
94,17774,2023-08-31 21:40:32,20,x > 15°,0.4350,4.237
94,17783,2023-08-31 21:40:34,20,x > 15°,0.4272,4.158
94,17780,2023-08-31 21:40:34,20,x > 15°,0.4300,4.199
94,17779,2023-08-31 21:40:34,20,x > 15°,0.4312,4.188
94,17782,2023-08-31 21:40:34,20,x > 15°,0.4263,4.151
94,17781,2023-08-31 21:40:34,20,x > 15°,0.4199,4.076
94,17785,2023-08-31 21:40:40,25,x > 15°,0.4130,4.112
94,17784,2023-08-31 21:40:40,25,x > 15°,0.4041,4.083
94,17787,2023-08-31 21:40:41,25,x > 15°,0.4137,4.184
94,17786,2023-08-31 21:40:41,25,x > 15°,0.4063,4.133
94,17788,2023-08-31 21:40:41,25,x > 15°,0.4084,4.090
94,17789,2023-08-31 21:40:42,25,x > 15°,0.4041,4.102
94,17793,2023-08-31 21:40:43,25,x > 15°,0.4134,4.123
94,17792,2023-08-31 21:40:43,25,x > 15°,0.4004,4.064
94,17791,2023-08-31 21:40:43,25,x > 15°,0.4189,4.208
94,17790,2023-08-31 21:40:43,25,x > 15°,0.4193,4.223
94,17794,2023-08-31 21:40:43,25,x > 15°,0.4043,4.079
94,17796,2023-08-31 21:40:45,25,x > 15°,0.4161,4.210
94,17797,2023-08-31 21:40:45,25,x > 15°,0.4025,4.044
94,17799,2023-08-31 21:40:45,25,x > 15°,0.3985,4.028
94,17798,2023-08-31 21:40:45,25,x > 15°,0.4051,4.107
94,17795,2023-08-31 21:40:45,25,x > 15°,0.4045,4.107
94,17801,2023-08-31 21:40:47,25,x > 15°,0.4066,4.152
94,17800,2023-08-31 21:40:47,25,x > 15°,0.4122,4.157
94,17802,2023-08-31 21:40:48,25,x > 15°,0.4017,4.058
94,17803,2023-08-31 21:40:48,25,x > 15°,0.4082,4.123
94,17804,2023-08-31 21:40:48,25,x > 15°,0.5303,4.766
94,17805,2023-08-31 21:40:53,30,x > 15°,0.3996,4.128
94,17809,2023-08-31 21:40:54,30,x > 15°,0.4002,4.101
94,17808,2023-08-31 21:40:54,30,x > 15°,0.3924,4.089
94,17807,2023-08-31 21:40:54,30,x > 15°,0.3990,4.130
94,17806,2023-08-31 21:40:54,30,x > 15°,0.4062,4.192
94,17811,2023-08-31 21:40:55,30,x > 15°,0.3920,4.051
94,17810,2023-08-31 21:40:55,30,x > 15°,0.4100,4.221
94,17815,2023-08-31 21:40:56,30,x > 15°,0.4030,4.171
94,17814,2023-08-31 21:40:56,30,x > 15°,0.4052,4.156
94,17813,2023-08-31 21:40:56,30,x > 15°,0.4024,4.095
94,17812,2023-08-31 21:40:56,30,x > 15°,0.4107,4.179
94,17816,2023-08-31 21:40:57,30,x > 15°,0.3986,4.145
94,17819,2023-08-31 21:40:58,30,x > 15°,0.3955,4.062
94,17817,2023-08-31 21:40:58,30,x > 15°,0.4059,4.193
94,17818,2023-08-31 21:40:58,30,x > 15°,0.4000,4.160
94,17820,2023-08-31 21:40:58,30,x > 15°,0.4090,4.196
94,17821,2023-08-31 21:40:58,30,x > 15°,0.4060,4.209
94,17822,2023-08-31 21:40:59,30,x > 15°,0.3999,4.098
94,17823,2023-08-31 21:40:59,30,x > 15°,0.3967,4.078
94,17827,2023-08-31 21:41:00,30,x > 15°,0.3843,4.002
94,17824,2023-08-31 21:41:00,30,x > 15°,0.3990,4.106
94,17825,2023-08-31 21:41:00,30,x > 15°,0.3975,4.091
94,17826,2023-08-31 21:41:00,30,x > 15°,0.4021,4.133
94,17829,2023-08-31 21:41:07,35,x > 15°,0.3811,4.190
94,17830,2023-08-31 21:41:07,35,x > 15°,0.3706,4.033
94,17831,2023-08-31 21:41:07,35,x > 15°,0.3903,4.232
94,17828,2023-08-31 21:41:07,35,x > 15°,0.3697,4.029
94,17833,2023-08-31 21:41:09,35,x > 15°,0.3677,3.996
94,17832,2023-08-31 21:41:09,35,x > 15°,0.3800,4.130
94,17836,2023-08-31 21:41:09,35,x > 15°,0.3762,4.030
94,17835,2023-08-31 21:41:09,35,x > 15°,0.3799,4.091
94,17834,2023-08-31 21:41:09,35,x > 15°,0.3821,4.143
94,17839,2023-08-31 21:41:11,35,x > 15°,0.3748,4.084
94,17840,2023-08-31 21:41:11,35,x > 15°,0.3807,4.107
94,17841,2023-08-31 21:41:11,35,x > 15°,0.3921,4.210
94,17838,2023-08-31 21:41:11,35,x > 15°,0.3895,4.191
94,17837,2023-08-31 21:41:11,35,x > 15°,0.3935,4.212
94,17844,2023-08-31 21:41:13,35,x > 15°,0.3848,4.150
94,17845,2023-08-31 21:41:13,35,x > 15°,0.3876,4.138
94,17846,2023-08-31 21:41:13,35,x > 15°,0.3955,4.263
94,17843,2023-08-31 21:41:13,35,x > 15°,0.3679,4.015
94,17842,2023-08-31 21:41:13,35,x > 15°,0.3831,4.209
94,17847,2023-08-31 21:41:14,35,x > 15°,0.4069,4.427
94,17848,2023-08-31 21:41:18,40,x > 15°,0.3635,4.193
94,17850,2023-08-31 21:41:18,40,x > 15°,0.3506,4.022
94,17849,2023-08-31 21:41:18,40,x > 15°,0.3542,4.064
94,17852,2023-08-31 21:41:19,40,x > 15°,0.3619,4.150
94,17851,2023-08-31 21:41:19,40,x > 15°,0.3550,4.043
94,17854,2023-08-31 21:41:19,40,x > 15°,0.3707,4.234
94,17853,2023-08-31 21:41:19,40,x > 15°,0.3543,4.082
94,17855,2023-08-31 21:41:20,40,x > 15°,0.3540,4.022
94,17856,2023-08-31 21:41:21,40,x > 15°,0.3544,4.097
94,17860,2023-08-31 21:41:21,40,x > 15°,0.3617,4.137
94,17859,2023-08-31 21:41:21,40,x > 15°,0.3536,4.105
94,17858,2023-08-31 21:41:21,40,x > 15°,0.3505,4.082
94,17857,2023-08-31 21:41:21,40,x > 15°,0.3599,4.113
94,17861,2023-08-31 21:41:22,40,x > 15°,0.3498,3.979
94,17864,2023-08-31 21:41:23,40,x > 15°,0.3566,4.108
94,17865,2023-08-31 21:41:23,40,x > 15°,0.3657,4.204
94,17863,2023-08-31 21:41:23,40,x > 15°,0.3653,4.199
94,17862,2023-08-31 21:41:23,40,x > 15°,0.3606,4.125
94,17868,2023-08-31 21:41:25,40,x > 15°,0.3677,4.200
94,17869,2023-08-31 21:41:25,40,x > 15°,0.3659,4.121
94,17870,2023-08-31 21:41:25,40,x > 15°,0.3642,4.163
94,17866,2023-08-31 21:41:25,40,x > 15°,0.3650,4.194
94,17867,2023-08-31 21:41:25,40,x > 15°,0.3662,4.162
94,17873,2023-08-31 21:41:31,45,x > 15°,0.3335,4.096
94,17871,2023-08-31 21:41:31,45,x > 15°,0.3311,4.034
94,17872,2023-08-31 21:41:31,45,x > 15°,0.3418,4.195
94,17876,2023-08-31 21:41:33,45,x > 15°,0.3419,4.112
94,17877,2023-08-31 21:41:33,45,x > 15°,0.3420,4.179
94,17875,2023-08-31 21:41:33,45,x > 15°,0.3388,4.102
94,17879,2023-08-31 21:41:34,45,x > 15°,0.3619,4.394
94,17878,2023-08-31 21:41:34,45,x > 15°,0.3410,4.115
94,17881,2023-08-31 21:41:35,45,x > 15°,0.3425,4.160
94,17880,2023-08-31 21:41:35,45,x > 15°,0.3487,4.209
94,17883,2023-08-31 21:41:35,45,x > 15°,0.3432,4.118
94,17882,2023-08-31 21:41:35,45,x > 15°,0.3468,4.147
94,17884,2023-08-31 21:41:36,45,x > 15°,0.3408,4.107
94,17887,2023-08-31 21:41:37,45,x > 15°,0.3350,4.022
94,17886,2023-08-31 21:41:37,45,x > 15°,0.3359,4.066
94,17885,2023-08-31 21:41:37,45,x > 15°,0.3360,4.042
94,17890,2023-08-31 21:41:38,45,x > 15°,0.3382,4.109
94,17888,2023-08-31 21:41:38,45,x > 15°,0.3526,4.229
94,17889,2023-08-31 21:41:38,45,x > 15°,0.3364,4.048
103,4949,2023-08-31 11:21:36,0,x < 5°,0.4303,1.975
103,4950,2023-08-31 11:21:36,0,x < 5°,0.4343,1.990
103,4952,2023-08-31 11:21:36,0,x < 5°,0.4299,1.975
103,4953,2023-08-31 11:21:36,0,x < 5°,0.4387,2.009
103,4954,2023-08-31 11:21:37,0,x < 5°,0.4303,1.972
103,4957,2023-08-31 11:21:38,0,x < 5°,0.4264,1.954
103,4955,2023-08-31 11:21:38,0,x < 5°,0.4355,1.999
103,4956,2023-08-31 11:21:38,0,x < 5°,0.4266,1.988
103,4958,2023-08-31 11:21:38,0,x < 5°,0.4201,1.923
103,4962,2023-08-31 11:21:40,0,x < 5°,0.4358,2.005
103,4959,2023-08-31 11:21:40,0,x < 5°,0.4377,2.008
103,4960,2023-08-31 11:21:40,0,x < 5°,0.4336,1.989
103,4961,2023-08-31 11:21:40,0,x < 5°,0.4344,1.987
103,4963,2023-08-31 11:21:40,0,x < 5°,0.4249,1.956
103,4964,2023-08-31 11:21:41,0,x < 5°,0.4333,1.996
103,4965,2023-08-31 11:21:41,0,x < 5°,0.4260,1.955
103,4968,2023-08-31 11:21:43,0,x < 5°,0.4269,1.965
103,4966,2023-08-31 11:21:43,0,x < 5°,0.4361,2.002
103,4967,2023-08-31 11:21:43,0,x < 5°,0.4352,1.998
103,4970,2023-08-31 11:21:43,0,x < 5°,0.4249,1.949
103,4971,2023-08-31 11:21:53,5,5° < x < 10°,0.4268,1.934
103,4972,2023-08-31 11:21:53,5,5° < x < 10°,0.4243,1.927
103,4974,2023-08-31 11:21:54,5,5° < x < 10°,0.4189,1.905
103,4973,2023-08-31 11:21:54,5,5° < x < 10°,0.4303,1.944
103,4975,2023-08-31 11:21:55,5,5° < x < 10°,0.4182,1.900
103,4976,2023-08-31 11:21:56,5,5° < x < 10°,0.4270,1.935
103,4980,2023-08-31 11:21:57,5,5° < x < 10°,0.4315,1.963
103,4984,2023-08-31 11:21:58,5,5° < x < 10°,0.4255,1.938
103,4981,2023-08-31 11:21:58,5,5° < x < 10°,0.4285,1.956
103,4982,2023-08-31 11:21:58,5,5° < x < 10°,0.4346,1.981
103,4983,2023-08-31 11:21:58,5,5° < x < 10°,0.4191,1.918
103,4985,2023-08-31 11:21:59,5,5° < x < 10°,0.4484,2.034
103,4988,2023-08-31 11:22:00,5,5° < x < 10°,0.4292,1.949
103,4987,2023-08-31 11:22:00,5,5° < x < 10°,0.4275,1.941
103,4989,2023-08-31 11:22:00,5,5° < x < 10°,0.4252,1.930
103,4993,2023-08-31 11:22:08,10,5° < x < 10°,0.4225,1.928
103,4991,2023-08-31 11:22:08,10,5° < x < 10°,0.4271,1.944
103,4992,2023-08-31 11:22:08,10,5° < x < 10°,0.4316,1.970
103,4994,2023-08-31 11:22:09,10,5° < x < 10°,0.4242,1.938
103,4995,2023-08-31 11:22:10,10,5° < x < 10°,0.4299,1.952
103,4996,2023-08-31 11:22:10,10,5° < x < 10°,0.4144,1.893
103,4997,2023-08-31 11:22:10,10,5° < x < 10°,0.4237,1.937
103,4999,2023-08-31 11:22:11,10,5° < x < 10°,0.4209,1.925
103,4998,2023-08-31 11:22:11,10,5° < x < 10°,0.4407,2.017
103,5000,2023-08-31 11:22:11,10,5° < x < 10°,0.4169,1.911
103,5004,2023-08-31 11:22:13,10,5° < x < 10°,0.4466,2.034
103,5001,2023-08-31 11:22:13,10,5° < x < 10°,0.4160,1.903
103,5002,2023-08-31 11:22:13,10,5° < x < 10°,0.4186,1.906
103,5003,2023-08-31 11:22:13,10,5° < x < 10°,0.4210,1.918
103,5005,2023-08-31 11:22:13,10,5° < x < 10°,0.4226,1.930
103,5006,2023-08-31 11:22:14,10,5° < x < 10°,0.4139,1.895
103,5008,2023-08-31 11:22:15,10,5° < x < 10°,0.4206,1.920
103,5010,2023-08-31 11:22:16,10,5° < x < 10°,0.4225,1.928
103,5009,2023-08-31 11:22:16,10,5° < x < 10°,0.4202,1.914
103,5012,2023-08-31 11:22:16,10,5° < x < 10°,0.4158,1.907
103,5014,2023-08-31 11:22:24,15,10° < x < 15°,0.4101,1.907
103,5017,2023-08-31 11:22:24,15,10° < x < 15°,0.4115,1.916
103,5018,2023-08-31 11:22:25,15,10° < x < 15°,0.4073,1.895
103,5019,2023-08-31 11:22:25,15,10° < x < 15°,0.4104,1.912
103,5023,2023-08-31 11:22:26,15,10° < x < 15°,0.4141,1.928
103,5020,2023-08-31 11:22:26,15,10° < x < 15°,0.4062,1.890
103,5021,2023-08-31 11:22:26,15,10° < x < 15°,0.4073,1.893
103,5022,2023-08-31 11:22:26,15,10° < x < 15°,0.4109,1.915
103,5024,2023-08-31 11:22:27,15,10° < x < 15°,0.4135,1.927
103,5027,2023-08-31 11:22:28,15,10° < x < 15°,0.4136,1.924
103,5025,2023-08-31 11:22:28,15,10° < x < 15°,0.4118,1.923
103,5026,2023-08-31 11:22:28,15,10° < x < 15°,0.4176,1.947
103,5028,2023-08-31 11:22:28,15,10° < x < 15°,0.4072,1.899
103,5029,2023-08-31 11:22:29,15,10° < x < 15°,0.4181,1.950
103,5030,2023-08-31 11:22:29,15,10° < x < 15°,0.4119,1.921
103,5033,2023-08-31 11:22:30,15,10° < x < 15°,0.4100,1.917
103,5031,2023-08-31 11:22:30,15,10° < x < 15°,0.4125,1.920
103,5032,2023-08-31 11:22:30,15,10° < x < 15°,0.4117,1.922
103,5034,2023-08-31 11:22:30,15,10° < x < 15°,0.4126,1.926
103,5037,2023-08-31 11:22:37,20,x > 15°,0.3996,1.927
103,5035,2023-08-31 11:22:37,20,x > 15°,0.4007,1.928
103,5038,2023-08-31 11:22:37,20,x > 15°,0.3927,1.898
103,5041,2023-08-31 11:22:40,20,x > 15°,0.3905,1.890
103,5039,2023-08-31 11:22:40,20,x > 15°,0.4015,1.928
103,5040,2023-08-31 11:22:40,20,x > 15°,0.4025,1.927
103,5042,2023-08-31 11:22:40,20,x > 15°,0.4007,1.933
103,5044,2023-08-31 11:22:42,20,x > 15°,0.3941,1.917
103,5045,2023-08-31 11:22:42,20,x > 15°,0.3957,1.919
103,5046,2023-08-31 11:22:42,20,x > 15°,0.3960,1.923
103,5047,2023-08-31 11:22:42,20,x > 15°,0.3958,1.914
103,5043,2023-08-31 11:22:42,20,x > 15°,0.3984,1.918
103,5048,2023-08-31 11:22:43,20,x > 15°,0.3959,1.911
103,5050,2023-08-31 11:22:44,20,x > 15°,0.3947,1.919
103,5049,2023-08-31 11:22:44,20,x > 15°,0.3912,1.898
103,5051,2023-08-31 11:22:45,20,x > 15°,0.3970,1.912
103,5056,2023-08-31 11:22:46,20,x > 15°,0.3953,1.909
103,5052,2023-08-31 11:22:46,20,x > 15°,0.3926,1.889
103,5053,2023-08-31 11:22:46,20,x > 15°,0.3914,1.892
103,5054,2023-08-31 11:22:46,20,x > 15°,0.3939,1.893
103,5055,2023-08-31 11:22:46,20,x > 15°,0.3970,1.903
103,5057,2023-08-31 11:22:52,25,x > 15°,0.3828,1.907
103,5060,2023-08-31 11:22:52,25,x > 15°,0.3803,1.907
103,5059,2023-08-31 11:22:52,25,x > 15°,0.3803,1.902
103,5061,2023-08-31 11:22:53,25,x > 15°,0.3890,1.936
103,5063,2023-08-31 11:22:54,25,x > 15°,0.3779,1.901
103,5065,2023-08-31 11:22:54,25,x > 15°,0.3793,1.911
103,5064,2023-08-31 11:22:54,25,x > 15°,0.3843,1.906
103,5066,2023-08-31 11:22:56,25,x > 15°,0.3744,1.892
103,5067,2023-08-31 11:22:56,25,x > 15°,0.3847,1.904
103,5068,2023-08-31 11:22:56,25,x > 15°,0.3814,1.896
103,5069,2023-08-31 11:22:56,25,x > 15°,0.3812,1.891
103,5070,2023-08-31 11:22:57,25,x > 15°,0.3836,1.920
103,5073,2023-08-31 11:22:58,25,x > 15°,0.3804,1.916
103,5071,2023-08-31 11:22:58,25,x > 15°,0.3749,1.892
103,5072,2023-08-31 11:22:58,25,x > 15°,0.3798,1.914
103,5074,2023-08-31 11:22:58,25,x > 15°,0.3839,1.921
103,5076,2023-08-31 11:22:59,25,x > 15°,0.3708,1.868
103,5075,2023-08-31 11:22:59,25,x > 15°,0.3804,1.902
103,5077,2023-08-31 11:22:59,25,x > 15°,0.3824,1.914
103,5082,2023-08-31 11:23:09,30,x > 15°,0.3651,1.888
103,5078,2023-08-31 11:23:09,30,x > 15°,0.3689,1.885
103,5079,2023-08-31 11:23:09,30,x > 15°,0.3717,1.895
103,5080,2023-08-31 11:23:09,30,x > 15°,0.3668,1.884
103,5081,2023-08-31 11:23:09,30,x > 15°,0.3720,1.898
103,5085,2023-08-31 11:23:11,30,x > 15°,0.3725,1.911
103,5084,2023-08-31 11:23:11,30,x > 15°,0.3731,1.906
103,5083,2023-08-31 11:23:11,30,x > 15°,0.3720,1.907
103,5086,2023-08-31 11:23:12,30,x > 15°,0.3672,1.875
103,5088,2023-08-31 11:23:13,30,x > 15°,0.3678,1.904
103,5087,2023-08-31 11:23:13,30,x > 15°,0.3669,1.891
103,5089,2023-08-31 11:23:14,30,x > 15°,0.3652,1.882
103,5090,2023-08-31 11:23:14,30,x > 15°,0.3707,1.910
103,5091,2023-08-31 11:23:14,30,x > 15°,0.3697,1.898
103,5094,2023-08-31 11:23:16,30,x > 15°,0.3649,1.885
103,5092,2023-08-31 11:23:16,30,x > 15°,0.3684,1.899
103,5093,2023-08-31 11:23:16,30,x > 15°,0.3695,1.904
103,5095,2023-08-31 11:23:16,30,x > 15°,0.3726,1.908
103,5096,2023-08-31 11:23:17,30,x > 15°,0.3628,1.865
103,5097,2023-08-31 11:23:17,30,x > 15°,0.3795,1.938
103,5098,2023-08-31 11:23:24,35,x > 15°,0.3459,1.879
103,5099,2023-08-31 11:23:24,35,x > 15°,0.3487,1.898
103,5100,2023-08-31 11:23:24,35,x > 15°,0.3408,1.865
103,5101,2023-08-31 11:23:24,35,x > 15°,0.3434,1.871
103,5102,2023-08-31 11:23:25,35,x > 15°,0.3453,1.890
103,5103,2023-08-31 11:23:25,35,x > 15°,0.3491,1.913
103,5104,2023-08-31 11:23:26,35,x > 15°,0.3445,1.882
103,5105,2023-08-31 11:23:26,35,x > 15°,0.3446,1.882
103,5106,2023-08-31 11:23:27,35,x > 15°,0.3402,1.873
103,5107,2023-08-31 11:23:27,35,x > 15°,0.3459,1.907
103,5109,2023-08-31 11:23:29,35,x > 15°,0.3442,1.911
103,5110,2023-08-31 11:23:29,35,x > 15°,0.3438,1.897
103,5111,2023-08-31 11:23:29,35,x > 15°,0.3379,1.885
103,5112,2023-08-31 11:23:30,35,x > 15°,0.3421,1.902
103,5113,2023-08-31 11:23:30,35,x > 15°,0.3423,1.891
103,5114,2023-08-31 11:23:32,35,x > 15°,0.3459,1.915
103,5115,2023-08-31 11:23:32,35,x > 15°,0.3399,1.893
103,5116,2023-08-31 11:23:32,35,x > 15°,0.3431,1.902
103,5117,2023-08-31 11:23:32,35,x > 15°,0.3462,1.918
103,5118,2023-08-31 11:23:33,35,x > 15°,0.3413,1.903
103,5119,2023-08-31 11:23:33,35,x > 15°,0.3376,1.884
103,5123,2023-08-31 11:23:43,40,x > 15°,0.3315,1.889
103,5120,2023-08-31 11:23:43,40,x > 15°,0.3300,1.887
103,5121,2023-08-31 11:23:43,40,x > 15°,0.3291,1.884
103,5122,2023-08-31 11:23:43,40,x > 15°,0.3351,1.901
103,5124,2023-08-31 11:23:43,40,x > 15°,0.3323,1.896
103,5125,2023-08-31 11:23:45,40,x > 15°,0.3323,1.881
103,5126,2023-08-31 11:23:45,40,x > 15°,0.3322,1.906
103,5127,2023-08-31 11:23:45,40,x > 15°,0.3351,1.915
103,5129,2023-08-31 11:23:46,40,x > 15°,0.3369,1.917
103,5128,2023-08-31 11:23:46,40,x > 15°,0.3328,1.903
103,5130,2023-08-31 11:23:47,40,x > 15°,0.3283,1.877
103,5132,2023-08-31 11:23:47,40,x > 15°,0.3378,1.921
103,5131,2023-08-31 11:23:47,40,x > 15°,0.3324,1.894
103,5133,2023-08-31 11:23:48,40,x > 15°,0.3326,1.903
103,5134,2023-08-31 11:23:48,40,x > 15°,0.3219,1.845
103,5135,2023-08-31 11:23:49,40,x > 15°,0.3374,1.916
103,5136,2023-08-31 11:23:49,40,x > 15°,0.3263,1.873
103,5138,2023-08-31 11:23:50,40,x > 15°,0.3350,1.913
103,5137,2023-08-31 11:23:50,40,x > 15°,0.3275,1.886
103,5139,2023-08-31 11:23:51,40,x > 15°,0.3307,1.879
103,5140,2023-08-31 11:23:51,40,x > 15°,0.3333,1.901
103,5142,2023-08-31 11:23:52,40,x > 15°,0.3381,1.921
103,5141,2023-08-31 11:23:52,40,x > 15°,0.3312,1.898
103,5143,2023-08-31 11:24:00,45,x > 15°,0.2892,1.880
103,5145,2023-08-31 11:24:00,45,x > 15°,0.2939,1.926
103,5144,2023-08-31 11:24:00,45,x > 15°,0.2907,1.883
103,5148,2023-08-31 11:24:02,45,x > 15°,0.2884,1.874
103,5147,2023-08-31 11:24:02,45,x > 15°,0.2887,1.878
103,5146,2023-08-31 11:24:02,45,x > 15°,0.2869,1.874
103,5150,2023-08-31 11:24:03,45,x > 15°,0.2868,1.882
103,5149,2023-08-31 11:24:03,45,x > 15°,0.2944,1.909
103,5152,2023-08-31 11:24:04,45,x > 15°,0.2895,1.910
103,5151,2023-08-31 11:24:04,45,x > 15°,0.2846,1.886
103,5154,2023-08-31 11:24:05,45,x > 15°,0.2889,1.914
103,5153,2023-08-31 11:24:05,45,x > 15°,0.2859,1.894
103,5155,2023-08-31 11:24:06,45,x > 15°,0.2905,1.915
103,5159,2023-08-31 11:24:07,45,x > 15°,0.2919,1.897
103,5157,2023-08-31 11:24:07,45,x > 15°,0.2864,1.881
103,5156,2023-08-31 11:24:07,45,x > 15°,0.2967,1.928
103,5158,2023-08-31 11:24:07,45,x > 15°,0.2919,1.911
103,5160,2023-08-31 11:24:07,45,x > 15°,0.2879,1.897
103,5161,2023-08-31 11:24:08,45,x > 15°,0.2918,1.890
107,13295,2023-08-31 14:11:29,0,x < 5°,0.4414,1.996
107,13293,2023-08-31 14:11:29,0,x < 5°,0.4414,1.999
107,13294,2023-08-31 14:11:29,0,x < 5°,0.4480,2.012
107,13297,2023-08-31 14:11:30,0,x < 5°,0.4473,2.014
107,13299,2023-08-31 14:11:31,0,x < 5°,0.4508,2.039
107,13298,2023-08-31 14:11:31,0,x < 5°,0.4487,2.027
107,13301,2023-08-31 14:11:32,0,x < 5°,0.4458,2.017
107,13303,2023-08-31 14:11:33,0,x < 5°,0.4433,2.007
107,13302,2023-08-31 14:11:33,0,x < 5°,0.4480,2.027
107,13305,2023-08-31 14:11:34,0,x < 5°,0.4383,1.987
107,13304,2023-08-31 14:11:34,0,x < 5°,0.4442,2.017
107,13307,2023-08-31 14:11:35,0,x < 5°,0.4439,2.002
107,13308,2023-08-31 14:11:35,0,x < 5°,0.4385,1.990
107,13306,2023-08-31 14:11:35,0,x < 5°,0.4412,2.001
107,13309,2023-08-31 14:11:36,0,x < 5°,0.4459,2.009
107,13311,2023-08-31 14:11:44,5,5° < x < 10°,0.4412,1.984
107,13312,2023-08-31 14:11:44,5,5° < x < 10°,0.4437,1.989
107,13313,2023-08-31 14:11:44,5,5° < x < 10°,0.4502,2.019
107,13314,2023-08-31 14:11:44,5,5° < x < 10°,0.4441,1.986
107,13315,2023-08-31 14:11:44,5,5° < x < 10°,0.4357,1.955
107,13316,2023-08-31 14:11:45,5,5° < x < 10°,0.4447,1.992
107,13317,2023-08-31 14:11:46,5,5° < x < 10°,0.4463,2.003
107,13319,2023-08-31 14:11:46,5,5° < x < 10°,0.4454,2.001
107,13318,2023-08-31 14:11:46,5,5° < x < 10°,0.4435,1.990
107,13320,2023-08-31 14:11:47,5,5° < x < 10°,0.4439,1.994
107,13321,2023-08-31 14:11:48,5,5° < x < 10°,0.4420,1.991
107,13323,2023-08-31 14:11:48,5,5° < x < 10°,0.4441,1.998
107,13322,2023-08-31 14:11:48,5,5° < x < 10°,0.4418,1.986
107,13325,2023-08-31 14:11:49,5,5° < x < 10°,0.4412,1.984
107,13324,2023-08-31 14:11:49,5,5° < x < 10°,0.4405,1.985
107,13327,2023-08-31 14:11:50,5,5° < x < 10°,0.4478,2.022
107,13326,2023-08-31 14:11:50,5,5° < x < 10°,0.4397,1.976
107,13330,2023-08-31 14:11:56,10,5° < x < 10°,0.4371,1.995
107,13331,2023-08-31 14:11:56,10,5° < x < 10°,0.4341,1.988
107,13328,2023-08-31 14:11:56,10,5° < x < 10°,0.4400,2.015
107,13329,2023-08-31 14:11:56,10,5° < x < 10°,0.4356,1.997
107,13333,2023-08-31 14:11:57,10,5° < x < 10°,0.4381,2.011
107,13332,2023-08-31 14:11:57,10,5° < x < 10°,0.4346,1.993
107,13334,2023-08-31 14:11:58,10,5° < x < 10°,0.4349,1.989
107,13335,2023-08-31 14:11:58,10,5° < x < 10°,0.4384,2.012
107,13337,2023-08-31 14:11:59,10,5° < x < 10°,0.4376,1.999
107,13336,2023-08-31 14:11:59,10,5° < x < 10°,0.4347,1.986
107,13338,2023-08-31 14:12:00,10,5° < x < 10°,0.4353,1.992
107,13341,2023-08-31 14:12:01,10,5° < x < 10°,0.4350,1.995
107,13340,2023-08-31 14:12:01,10,5° < x < 10°,0.4331,1.994
107,13339,2023-08-31 14:12:01,10,5° < x < 10°,0.4388,2.011
107,13342,2023-08-31 14:12:02,10,5° < x < 10°,0.4336,1.995
107,13343,2023-08-31 14:12:03,10,5° < x < 10°,0.4363,2.009
107,13346,2023-08-31 14:12:03,10,5° < x < 10°,0.4344,1.990
107,13345,2023-08-31 14:12:03,10,5° < x < 10°,0.4351,1.998
107,13344,2023-08-31 14:12:03,10,5° < x < 10°,0.4319,1.971
107,13348,2023-08-31 14:12:07,15,10° < x < 15°,0.4288,1.988
107,13347,2023-08-31 14:12:07,15,10° < x < 15°,0.4298,2.008
107,13349,2023-08-31 14:12:16,15,10° < x < 15°,0.4343,2.028
107,13351,2023-08-31 14:12:16,15,10° < x < 15°,0.4341,2.020
107,13350,2023-08-31 14:12:16,15,10° < x < 15°,0.4332,2.012
107,13352,2023-08-31 14:12:18,15,10° < x < 15°,0.4294,1.995
107,13355,2023-08-31 14:12:18,15,10° < x < 15°,0.4313,2.006
107,13354,2023-08-31 14:12:18,15,10° < x < 15°,0.4273,1.984
107,13353,2023-08-31 14:12:18,15,10° < x < 15°,0.4325,2.008
107,13356,2023-08-31 14:12:19,15,10° < x < 15°,0.4382,2.039
107,13358,2023-08-31 14:12:20,15,10° < x < 15°,0.4429,2.048
107,13359,2023-08-31 14:12:20,15,10° < x < 15°,0.4367,2.025
107,13357,2023-08-31 14:12:20,15,10° < x < 15°,0.4253,1.967
107,13360,2023-08-31 14:12:22,15,10° < x < 15°,0.4304,1.991
107,13363,2023-08-31 14:12:22,15,10° < x < 15°,0.4323,1.999
107,13362,2023-08-31 14:12:22,15,10° < x < 15°,0.4307,1.986
107,13361,2023-08-31 14:12:22,15,10° < x < 15°,0.4309,1.984
107,13364,2023-08-31 14:12:28,20,x > 15°,0.4191,2.007
107,13365,2023-08-31 14:12:29,20,x > 15°,0.4208,2.019
107,13366,2023-08-31 14:12:29,20,x > 15°,0.4144,1.990
107,13367,2023-08-31 14:12:29,20,x > 15°,0.4252,2.034
107,13369,2023-08-31 14:12:30,20,x > 15°,0.4183,2.002
107,13368,2023-08-31 14:12:30,20,x > 15°,0.4203,2.007
107,13371,2023-08-31 14:12:31,20,x > 15°,0.4177,2.000
107,13370,2023-08-31 14:12:31,20,x > 15°,0.4191,2.009
107,13375,2023-08-31 14:12:33,20,x > 15°,0.4231,2.017
107,13373,2023-08-31 14:12:33,20,x > 15°,0.4175,1.986
107,13372,2023-08-31 14:12:33,20,x > 15°,0.4153,1.989
107,13374,2023-08-31 14:12:33,20,x > 15°,0.4219,2.021
107,13380,2023-08-31 14:12:36,20,x > 15°,0.4221,2.017
107,13379,2023-08-31 14:12:36,20,x > 15°,0.4167,1.987
107,13377,2023-08-31 14:12:36,20,x > 15°,0.4195,2.001
107,13378,2023-08-31 14:12:36,20,x > 15°,0.4233,2.017
107,13376,2023-08-31 14:12:36,20,x > 15°,0.4215,2.013
107,13381,2023-08-31 14:12:41,25,x > 15°,0.4061,1.982
107,13383,2023-08-31 14:12:41,25,x > 15°,0.4092,1.991
107,13382,2023-08-31 14:12:41,25,x > 15°,0.4003,1.962
107,13386,2023-08-31 14:12:44,25,x > 15°,0.4123,2.041
107,13385,2023-08-31 14:12:44,25,x > 15°,0.4058,2.008
107,13384,2023-08-31 14:12:44,25,x > 15°,0.3992,1.982
107,13387,2023-08-31 14:12:45,25,x > 15°,0.3989,1.982
107,13388,2023-08-31 14:12:45,25,x > 15°,0.4036,1.996
107,13391,2023-08-31 14:12:46,25,x > 15°,0.4057,2.011
107,13389,2023-08-31 14:12:46,25,x > 15°,0.4026,1.999
107,13390,2023-08-31 14:12:46,25,x > 15°,0.4043,1.990
107,13392,2023-08-31 14:12:47,25,x > 15°,0.3953,1.959
107,13394,2023-08-31 14:12:48,25,x > 15°,0.4008,1.990
107,13393,2023-08-31 14:12:48,25,x > 15°,0.4033,2.002
107,13395,2023-08-31 14:12:49,25,x > 15°,0.4142,2.056
107,13397,2023-08-31 14:12:49,25,x > 15°,0.4066,2.023
107,13396,2023-08-31 14:12:49,25,x > 15°,0.4028,1.998
107,13400,2023-08-31 14:12:54,30,x > 15°,0.3868,1.986
107,13399,2023-08-31 14:12:54,30,x > 15°,0.3850,1.984
107,13398,2023-08-31 14:12:54,30,x > 15°,0.3902,2.008
107,13402,2023-08-31 14:12:54,30,x > 15°,0.3862,1.988
107,13401,2023-08-31 14:12:54,30,x > 15°,0.3823,1.969
107,13405,2023-08-31 14:12:56,30,x > 15°,0.3863,1.996
107,13403,2023-08-31 14:12:56,30,x > 15°,0.3884,2.006
107,13404,2023-08-31 14:12:56,30,x > 15°,0.3870,2.006
107,13406,2023-08-31 14:12:57,30,x > 15°,0.3900,2.012
107,13407,2023-08-31 14:12:58,30,x > 15°,0.3861,2.002
107,13408,2023-08-31 14:12:58,30,x > 15°,0.3962,2.054
107,13409,2023-08-31 14:12:59,30,x > 15°,0.3816,1.974
107,13411,2023-08-31 14:13:00,30,x > 15°,0.3862,1.996
107,13410,2023-08-31 14:13:00,30,x > 15°,0.3936,2.028
107,13412,2023-08-31 14:13:00,30,x > 15°,0.3911,2.024
107,13413,2023-08-31 14:13:01,30,x > 15°,0.3892,2.016
107,13414,2023-08-31 14:13:02,30,x > 15°,0.3844,1.992
107,13416,2023-08-31 14:13:02,30,x > 15°,0.3840,1.983
107,13417,2023-08-31 14:13:02,30,x > 15°,0.3891,2.017
107,13415,2023-08-31 14:13:02,30,x > 15°,0.3894,2.018
107,13422,2023-08-31 14:13:06,35,x > 15°,0.3537,1.993
107,13419,2023-08-31 14:13:06,35,x > 15°,0.3579,2.004
107,13420,2023-08-31 14:13:06,35,x > 15°,0.3570,1.982
107,13418,2023-08-31 14:13:06,35,x > 15°,0.3649,2.026
107,13421,2023-08-31 14:13:06,35,x > 15°,0.3580,1.986
107,13423,2023-08-31 14:13:07,35,x > 15°,0.3581,2.000
107,13424,2023-08-31 14:13:09,35,x > 15°,0.3619,1.996
107,13425,2023-08-31 14:13:09,35,x > 15°,0.3582,1.988
107,13427,2023-08-31 14:13:10,35,x > 15°,0.3634,2.011
107,13426,2023-08-31 14:13:10,35,x > 15°,0.3556,1.966
107,13428,2023-08-31 14:13:12,35,x > 15°,0.3602,2.005
107,13429,2023-08-31 14:13:12,35,x > 15°,0.3652,2.033
107,13430,2023-08-31 14:13:12,35,x > 15°,0.3621,2.018
107,13432,2023-08-31 14:13:12,35,x > 15°,0.3633,2.017
107,13431,2023-08-31 14:13:12,35,x > 15°,0.3571,2.000
107,13435,2023-08-31 14:13:14,35,x > 15°,0.3573,1.984
107,13433,2023-08-31 14:13:14,35,x > 15°,0.3613,2.002
107,13434,2023-08-31 14:13:14,35,x > 15°,0.3615,2.023
107,13436,2023-08-31 14:13:15,35,x > 15°,0.3572,1.982
107,13440,2023-08-31 14:13:16,35,x > 15°,0.3712,2.028
107,13439,2023-08-31 14:13:16,35,x > 15°,0.3626,1.999
107,13437,2023-08-31 14:13:16,35,x > 15°,0.3626,2.000
107,13438,2023-08-31 14:13:16,35,x > 15°,0.3668,2.018
107,13441,2023-08-31 14:13:17,35,x > 15°,0.3595,1.980
107,13443,2023-08-31 14:13:25,40,x > 15°,0.3401,2.006
107,13442,2023-08-31 14:13:25,40,x > 15°,0.3372,1.985
107,13444,2023-08-31 14:13:25,40,x > 15°,0.3357,1.972
107,13446,2023-08-31 14:13:27,40,x > 15°,0.3356,1.987
107,13445,2023-08-31 14:13:27,40,x > 15°,0.3436,2.011
107,13448,2023-08-31 14:13:27,40,x > 15°,0.3423,2.007
107,13447,2023-08-31 14:13:27,40,x > 15°,0.3373,1.989
107,13450,2023-08-31 14:13:29,40,x > 15°,0.3424,1.997
107,13449,2023-08-31 14:13:29,40,x > 15°,0.3445,2.029
107,13452,2023-08-31 14:13:29,40,x > 15°,0.3383,1.974
107,13451,2023-08-31 14:13:29,40,x > 15°,0.3414,1.997
107,13455,2023-08-31 14:13:32,40,x > 15°,0.3378,1.977
107,13453,2023-08-31 14:13:32,40,x > 15°,0.3364,1.974
107,13456,2023-08-31 14:13:32,40,x > 15°,0.3383,1.991
107,13454,2023-08-31 14:13:32,40,x > 15°,0.3400,1.992
107,13459,2023-08-31 14:13:41,45,x > 15°,0.3212,1.991
107,13457,2023-08-31 14:13:41,45,x > 15°,0.3162,1.997
107,13458,2023-08-31 14:13:41,45,x > 15°,0.3093,1.976
107,13460,2023-08-31 14:13:42,45,x > 15°,0.3171,2.003
107,13461,2023-08-31 14:13:42,45,x > 15°,0.3130,2.002
107,13462,2023-08-31 14:13:43,45,x > 15°,0.3180,2.034
107,13463,2023-08-31 14:13:43,45,x > 15°,0.3109,1.987
107,13464,2023-08-31 14:13:44,45,x > 15°,0.3132,1.981
107,13466,2023-08-31 14:13:44,45,x > 15°,0.3092,1.980
107,13465,2023-08-31 14:13:44,45,x > 15°,0.3059,1.958
107,13467,2023-08-31 14:13:45,45,x > 15°,0.3171,2.046
107,13470,2023-08-31 14:13:46,45,x > 15°,0.3219,2.036
107,13469,2023-08-31 14:13:46,45,x > 15°,0.3173,2.004
107,13468,2023-08-31 14:13:46,45,x > 15°,0.3134,1.998
107,13472,2023-08-31 14:13:47,45,x > 15°,0.3106,1.967
107,13471,2023-08-31 14:13:47,45,x > 15°,0.3125,1.994
107,13474,2023-08-31 14:13:48,45,x > 15°,0.3105,1.971
107,13473,2023-08-31 14:13:48,45,x > 15°,0.3119,1.993
107,13475,2023-08-31 14:13:48,45,x > 15°,0.3093,1.986
114,15847,2023-08-31 14:00:32,0,x < 5°,0.4258,1.902
114,15848,2023-08-31 14:00:32,0,x < 5°,0.4265,1.871
114,15852,2023-08-31 14:00:33,0,x < 5°,0.4184,1.874
114,15853,2023-08-31 14:00:33,0,x < 5°,0.4173,1.877
114,15851,2023-08-31 14:00:33,0,x < 5°,0.4240,1.908
114,15850,2023-08-31 14:00:33,0,x < 5°,0.4203,1.901
114,15849,2023-08-31 14:00:33,0,x < 5°,0.4291,1.932
114,15856,2023-08-31 14:00:35,0,x < 5°,0.4265,1.943
114,15855,2023-08-31 14:00:35,0,x < 5°,0.4147,1.889
114,15854,2023-08-31 14:00:35,0,x < 5°,0.4226,1.920
114,15860,2023-08-31 14:00:36,0,x < 5°,0.4300,1.944
114,15861,2023-08-31 14:00:36,0,x < 5°,0.4328,1.960
114,15857,2023-08-31 14:00:36,0,x < 5°,0.4264,1.940
114,15858,2023-08-31 14:00:36,0,x < 5°,0.4173,1.899
114,15859,2023-08-31 14:00:36,0,x < 5°,0.4273,1.932
114,15863,2023-08-31 14:00:38,0,x < 5°,0.4520,2.062
114,15864,2023-08-31 14:00:38,0,x < 5°,0.4186,1.906
114,15862,2023-08-31 14:00:38,0,x < 5°,0.4248,1.942
114,15865,2023-08-31 14:00:39,0,x < 5°,0.4270,1.939
114,15866,2023-08-31 14:00:39,0,x < 5°,0.4248,1.938
114,15869,2023-08-31 14:02:17,0,x < 5°,0.4349,1.980
114,15868,2023-08-31 14:02:17,0,x < 5°,0.4212,1.913
114,15867,2023-08-31 14:02:17,0,x < 5°,0.4250,1.930
114,15870,2023-08-31 14:02:18,0,x < 5°,0.4261,1.949
114,15872,2023-08-31 14:02:19,0,x < 5°,0.4274,1.945
114,15874,2023-08-31 14:02:19,0,x < 5°,0.4280,1.952
114,15873,2023-08-31 14:02:19,0,x < 5°,0.4300,1.950
114,15871,2023-08-31 14:02:19,0,x < 5°,0.4310,1.947
114,15876,2023-08-31 14:02:21,0,x < 5°,0.4273,1.925
114,15875,2023-08-31 14:02:21,0,x < 5°,0.4212,1.914
114,15880,2023-08-31 14:02:22,0,x < 5°,0.4234,1.905
114,15877,2023-08-31 14:02:22,0,x < 5°,0.4254,1.926
114,15878,2023-08-31 14:02:22,0,x < 5°,0.4294,1.943
114,15879,2023-08-31 14:02:22,0,x < 5°,0.4318,1.965
114,15882,2023-08-31 14:02:55,5,5° < x < 10°,0.4326,1.964
114,15881,2023-08-31 14:02:55,5,5° < x < 10°,0.4229,1.913
114,15883,2023-08-31 14:02:55,5,5° < x < 10°,0.4304,1.947
114,15884,2023-08-31 14:02:56,5,5° < x < 10°,0.4238,1.922
114,15885,2023-08-31 14:02:56,5,5° < x < 10°,0.4398,1.995
114,15888,2023-08-31 14:02:58,5,5° < x < 10°,0.4275,1.940
114,15889,2023-08-31 14:02:58,5,5° < x < 10°,0.4238,1.926
114,15887,2023-08-31 14:02:58,5,5° < x < 10°,0.4179,1.896
114,15890,2023-08-31 14:03:00,5,5° < x < 10°,0.4285,1.943
114,15891,2023-08-31 14:03:00,5,5° < x < 10°,0.4210,1.912
114,15893,2023-08-31 14:03:01,5,5° < x < 10°,0.4257,1.931
114,15892,2023-08-31 14:03:01,5,5° < x < 10°,0.4270,1.939
114,15894,2023-08-31 14:03:01,5,5° < x < 10°,0.4264,1.933
114,15897,2023-08-31 14:04:01,10,5° < x < 10°,0.4095,1.848
114,15895,2023-08-31 14:04:01,10,5° < x < 10°,0.4211,1.906
114,15896,2023-08-31 14:04:01,10,5° < x < 10°,0.4219,1.911
114,15898,2023-08-31 14:04:02,10,5° < x < 10°,0.4216,1.910
114,15901,2023-08-31 14:04:03,10,5° < x < 10°,0.4278,1.937
114,15899,2023-08-31 14:04:03,10,5° < x < 10°,0.4288,1.943
114,15900,2023-08-31 14:04:03,10,5° < x < 10°,0.4235,1.919
114,15907,2023-08-31 14:04:06,10,5° < x < 10°,0.4191,1.897
114,15904,2023-08-31 14:04:06,10,5° < x < 10°,0.4237,1.915
114,15905,2023-08-31 14:04:06,10,5° < x < 10°,0.4182,1.891
114,15906,2023-08-31 14:04:06,10,5° < x < 10°,0.4296,1.948
114,15909,2023-08-31 14:04:13,15,10° < x < 15°,0.4155,1.919
114,15908,2023-08-31 14:04:13,15,10° < x < 15°,0.4248,1.965
114,15912,2023-08-31 14:04:14,15,10° < x < 15°,0.4106,1.901
114,15913,2023-08-31 14:04:14,15,10° < x < 15°,0.4104,1.898
114,15910,2023-08-31 14:04:14,15,10° < x < 15°,0.4160,1.929
114,15911,2023-08-31 14:04:14,15,10° < x < 15°,0.4186,1.944
114,15916,2023-08-31 14:04:15,15,10° < x < 15°,0.4095,1.894
114,15914,2023-08-31 14:04:15,15,10° < x < 15°,0.4209,1.944
114,15915,2023-08-31 14:04:15,15,10° < x < 15°,0.4111,1.901
114,15917,2023-08-31 14:04:16,15,10° < x < 15°,0.4182,1.935
114,15922,2023-08-31 14:04:18,15,10° < x < 15°,0.4128,1.912
114,15921,2023-08-31 14:04:18,15,10° < x < 15°,0.4121,1.900
114,15919,2023-08-31 14:04:18,15,10° < x < 15°,0.4116,1.904
114,15920,2023-08-31 14:04:18,15,10° < x < 15°,0.4183,1.925
114,15924,2023-08-31 14:04:19,15,10° < x < 15°,0.4111,1.895
114,15923,2023-08-31 14:04:19,15,10° < x < 15°,0.4180,1.935
114,15926,2023-08-31 14:04:20,15,10° < x < 15°,0.4178,1.930
114,15927,2023-08-31 14:04:20,15,10° < x < 15°,0.4093,1.893
114,15925,2023-08-31 14:04:20,15,10° < x < 15°,0.4075,1.891
114,15929,2023-08-31 14:04:28,20,x > 15°,0.4099,1.916
114,15928,2023-08-31 14:04:28,20,x > 15°,0.4110,1.914
114,15932,2023-08-31 14:04:29,20,x > 15°,0.4150,1.935
114,15931,2023-08-31 14:04:29,20,x > 15°,0.4035,1.888
114,15930,2023-08-31 14:04:29,20,x > 15°,0.4053,1.890
114,15935,2023-08-31 14:04:30,20,x > 15°,0.4020,1.904
114,15934,2023-08-31 14:04:30,20,x > 15°,0.4071,1.924
114,15933,2023-08-31 14:04:30,20,x > 15°,0.3996,1.900
114,15936,2023-08-31 14:04:31,20,x > 15°,0.4072,1.925
114,15938,2023-08-31 14:04:32,20,x > 15°,0.3974,1.876
114,15940,2023-08-31 14:04:32,20,x > 15°,0.4078,1.928
114,15937,2023-08-31 14:04:32,20,x > 15°,0.4089,1.931
114,15939,2023-08-31 14:04:32,20,x > 15°,0.4076,1.932
114,15943,2023-08-31 14:04:33,20,x > 15°,0.4088,1.923
114,15941,2023-08-31 14:04:33,20,x > 15°,0.4108,1.936
114,15942,2023-08-31 14:04:33,20,x > 15°,0.4106,1.933
114,15944,2023-08-31 14:04:34,20,x > 15°,0.4017,1.889
114,15945,2023-08-31 14:04:39,25,x > 15°,0.3952,1.911
114,15950,2023-08-31 14:04:40,25,x > 15°,0.3960,1.914
114,15949,2023-08-31 14:04:40,25,x > 15°,0.4119,1.985
114,15948,2023-08-31 14:04:40,25,x > 15°,0.3895,1.878
114,15946,2023-08-31 14:04:40,25,x > 15°,0.3921,1.896
114,15947,2023-08-31 14:04:40,25,x > 15°,0.3919,1.912
114,15951,2023-08-31 14:04:42,25,x > 15°,0.3989,1.928
114,15954,2023-08-31 14:04:42,25,x > 15°,0.3887,1.883
114,15953,2023-08-31 14:04:42,25,x > 15°,0.3882,1.882
114,15952,2023-08-31 14:04:42,25,x > 15°,0.3903,1.900
114,15955,2023-08-31 14:04:42,25,x > 15°,0.3883,1.892
114,15956,2023-08-31 14:04:43,25,x > 15°,0.3878,1.873
114,15957,2023-08-31 14:04:44,25,x > 15°,0.3894,1.886
114,15958,2023-08-31 14:04:44,25,x > 15°,0.3881,1.880
114,15959,2023-08-31 14:04:45,25,x > 15°,0.3897,1.883
114,15960,2023-08-31 14:04:45,25,x > 15°,0.4049,1.952
114,15961,2023-08-31 14:04:45,25,x > 15°,0.3962,1.920
114,15963,2023-08-31 14:04:46,25,x > 15°,0.3939,1.895
114,15965,2023-08-31 14:04:46,25,x > 15°,0.3962,1.907
114,15964,2023-08-31 14:04:46,25,x > 15°,0.3915,1.886
114,15962,2023-08-31 14:04:46,25,x > 15°,0.3929,1.889
114,15966,2023-08-31 14:04:55,30,x > 15°,0.3885,1.904
114,15967,2023-08-31 14:04:56,30,x > 15°,0.3874,1.904
114,15970,2023-08-31 14:04:56,30,x > 15°,0.3861,1.903
114,15969,2023-08-31 14:04:56,30,x > 15°,0.3866,1.903
114,15968,2023-08-31 14:04:56,30,x > 15°,0.3837,1.898
114,15972,2023-08-31 14:04:57,30,x > 15°,0.3916,1.924
114,15971,2023-08-31 14:04:57,30,x > 15°,0.3850,1.901
114,15973,2023-08-31 14:04:58,30,x > 15°,0.3892,1.927
114,15976,2023-08-31 14:04:58,30,x > 15°,0.3937,1.943
114,15975,2023-08-31 14:04:58,30,x > 15°,0.3899,1.927
114,15974,2023-08-31 14:04:58,30,x > 15°,0.3822,1.893
114,15978,2023-08-31 14:04:59,30,x > 15°,0.3860,1.908
114,15977,2023-08-31 14:04:59,30,x > 15°,0.3822,1.888
114,15981,2023-08-31 14:05:00,30,x > 15°,0.3876,1.909
114,15980,2023-08-31 14:05:00,30,x > 15°,0.3787,1.871
114,15979,2023-08-31 14:05:00,30,x > 15°,0.3826,1.892
114,15982,2023-08-31 14:05:01,30,x > 15°,0.3889,1.917
114,15983,2023-08-31 14:05:01,30,x > 15°,0.3854,1.901
114,15984,2023-08-31 14:05:01,30,x > 15°,0.3879,1.909
114,15985,2023-08-31 14:05:19,35,x > 15°,0.3627,1.919
114,15986,2023-08-31 14:05:20,35,x > 15°,0.3593,1.896
114,15987,2023-08-31 14:05:20,35,x > 15°,0.3639,1.916
114,15989,2023-08-31 14:05:21,35,x > 15°,0.3605,1.905
114,15988,2023-08-31 14:05:21,35,x > 15°,0.3574,1.885
114,15990,2023-08-31 14:05:22,35,x > 15°,0.3595,1.897
114,15991,2023-08-31 14:05:23,35,x > 15°,0.3697,1.936
114,15992,2023-08-31 14:05:24,35,x > 15°,0.3608,1.889
114,15995,2023-08-31 14:05:25,35,x > 15°,0.3624,1.914
114,15994,2023-08-31 14:05:25,35,x > 15°,0.3625,1.923
114,15996,2023-08-31 14:05:25,35,x > 15°,0.3621,1.909
114,15993,2023-08-31 14:05:25,35,x > 15°,0.3619,1.903
114,15998,2023-08-31 14:05:32,40,x > 15°,0.3525,1.926
114,15997,2023-08-31 14:05:32,40,x > 15°,0.3431,1.882
114,15999,2023-08-31 14:05:32,40,x > 15°,0.3533,1.924
114,16000,2023-08-31 14:05:33,40,x > 15°,0.3515,1.923
114,16001,2023-08-31 14:05:33,40,x > 15°,0.3423,1.871
114,16003,2023-08-31 14:05:34,40,x > 15°,0.3487,1.909
114,16002,2023-08-31 14:05:34,40,x > 15°,0.3422,1.890
114,16004,2023-08-31 14:05:35,40,x > 15°,0.3460,1.903
114,16006,2023-08-31 14:05:35,40,x > 15°,0.3565,1.964
114,16005,2023-08-31 14:05:35,40,x > 15°,0.3447,1.908
114,16007,2023-08-31 14:05:36,40,x > 15°,0.3379,1.871
114,16008,2023-08-31 14:05:36,40,x > 15°,0.3469,1.906
114,16009,2023-08-31 14:05:37,40,x > 15°,0.3413,1.861
114,16010,2023-08-31 14:05:41,45,x > 15°,0.3022,1.896
114,16011,2023-08-31 14:05:41,45,x > 15°,0.3056,1.905
114,16012,2023-08-31 14:05:41,45,x > 15°,0.3064,1.904
114,16013,2023-08-31 14:05:41,45,x > 15°,0.3058,1.903
114,16014,2023-08-31 14:05:42,45,x > 15°,0.3026,1.936
114,16015,2023-08-31 14:05:43,45,x > 15°,0.3112,1.930
114,16017,2023-08-31 14:05:43,45,x > 15°,0.3105,1.935
114,16016,2023-08-31 14:05:43,45,x > 15°,0.3041,1.923
114,16018,2023-08-31 14:05:45,45,x > 15°,0.3105,1.915
114,16020,2023-08-31 14:05:46,45,x > 15°,0.3086,1.895
114,16021,2023-08-31 14:05:46,45,x > 15°,0.3096,1.911
114,16019,2023-08-31 14:05:46,45,x > 15°,0.3102,1.928
114,16023,2023-08-31 14:05:47,45,x > 15°,0.3231,1.959
114,16022,2023-08-31 14:05:47,45,x > 15°,0.3094,1.882
114,16024,2023-08-31 14:05:48,45,x > 15°,0.3099,1.888
114,16025,2023-08-31 14:05:48,45,x > 15°,0.3189,1.940
114,16029,2023-08-31 14:05:49,45,x > 15°,0.3157,1.910
114,16027,2023-08-31 14:05:49,45,x > 15°,0.3157,1.906
114,16028,2023-08-31 14:05:49,45,x > 15°,0.3157,1.909
114,16026,2023-08-31 14:05:49,45,x > 15°,0.3108,1.871
114,16048,2023-08-31 19:49:20,0,x < 5°,0.4484,4.232
114,16047,2023-08-31 19:49:20,0,x < 5°,0.5562,5.061
114,16049,2023-08-31 19:49:21,0,x < 5°,0.4550,4.241
114,16052,2023-08-31 19:49:22,0,x < 5°,0.4637,4.267
114,16050,2023-08-31 19:49:22,0,x < 5°,0.4640,4.313
114,16051,2023-08-31 19:49:22,0,x < 5°,0.4569,4.217
114,16053,2023-08-31 19:49:23,0,x < 5°,0.4732,4.410
114,16055,2023-08-31 19:49:24,0,x < 5°,0.4793,4.396
114,16054,2023-08-31 19:49:24,0,x < 5°,0.4536,4.167
114,16058,2023-08-31 19:49:25,0,x < 5°,0.4630,4.280
114,16059,2023-08-31 19:49:25,0,x < 5°,0.4578,4.179
114,16056,2023-08-31 19:49:25,0,x < 5°,0.4608,4.203
114,16057,2023-08-31 19:49:25,0,x < 5°,0.4593,4.235
114,16060,2023-08-31 19:49:31,5,5° < x < 10°,0.4768,4.349
114,16061,2023-08-31 19:49:31,5,5° < x < 10°,0.4640,4.359
114,16062,2023-08-31 19:49:31,5,5° < x < 10°,0.4543,4.329
114,16064,2023-08-31 19:49:32,5,5° < x < 10°,0.4692,4.369
114,16063,2023-08-31 19:49:32,5,5° < x < 10°,0.4656,4.266
114,16065,2023-08-31 19:49:33,5,5° < x < 10°,0.4507,4.287
114,16067,2023-08-31 19:49:34,5,5° < x < 10°,0.4491,4.249
114,16068,2023-08-31 19:49:34,5,5° < x < 10°,0.4815,4.385
114,16073,2023-08-31 19:49:36,5,5° < x < 10°,0.4542,4.298
114,16071,2023-08-31 19:49:36,5,5° < x < 10°,0.4551,4.313
114,16072,2023-08-31 19:49:36,5,5° < x < 10°,0.4700,4.247
114,16070,2023-08-31 19:49:36,5,5° < x < 10°,0.4456,4.162
114,16075,2023-08-31 19:49:45,10,5° < x < 10°,0.4453,4.250
114,16074,2023-08-31 19:49:45,10,5° < x < 10°,0.4430,4.054
114,16077,2023-08-31 19:49:46,10,5° < x < 10°,0.4274,4.034
114,16078,2023-08-31 19:49:46,10,5° < x < 10°,0.4120,4.001
114,16079,2023-08-31 19:49:48,10,5° < x < 10°,0.4374,4.203
114,16081,2023-08-31 19:49:48,10,5° < x < 10°,0.4263,4.066
114,16080,2023-08-31 19:49:48,10,5° < x < 10°,0.4193,3.985
114,16083,2023-08-31 19:49:49,10,5° < x < 10°,0.4315,4.127
114,16082,2023-08-31 19:49:49,10,5° < x < 10°,0.4420,4.192
114,16084,2023-08-31 19:49:49,10,5° < x < 10°,0.4331,4.177
114,16085,2023-08-31 19:49:50,10,5° < x < 10°,0.5112,4.879
114,16087,2023-08-31 19:49:51,10,5° < x < 10°,0.4320,4.126
114,16088,2023-08-31 19:49:51,10,5° < x < 10°,0.4475,4.139
114,16086,2023-08-31 19:49:51,10,5° < x < 10°,0.4228,4.075
114,16089,2023-08-31 19:49:51,10,5° < x < 10°,0.4273,4.063
114,16090,2023-08-31 19:49:52,10,5° < x < 10°,0.4446,4.198
114,16091,2023-08-31 19:49:52,10,5° < x < 10°,0.4227,4.017
114,16092,2023-08-31 19:49:57,15,10° < x < 15°,0.4367,4.220
114,16093,2023-08-31 19:49:58,15,10° < x < 15°,0.4191,4.123
114,16094,2023-08-31 19:49:58,15,10° < x < 15°,0.4260,4.154
114,16095,2023-08-31 19:49:58,15,10° < x < 15°,0.4338,4.268
114,16098,2023-08-31 19:49:59,15,10° < x < 15°,0.4468,4.267
114,16097,2023-08-31 19:49:59,15,10° < x < 15°,0.4130,4.063
114,16096,2023-08-31 19:49:59,15,10° < x < 15°,0.4276,4.201
114,16100,2023-08-31 19:50:00,15,10° < x < 15°,0.4235,4.144
114,16101,2023-08-31 19:50:01,15,10° < x < 15°,0.4321,4.181
114,16103,2023-08-31 19:50:01,15,10° < x < 15°,0.4403,4.250
114,16102,2023-08-31 19:50:01,15,10° < x < 15°,0.4424,4.298
114,16104,2023-08-31 19:50:02,15,10° < x < 15°,0.4284,4.165
114,16105,2023-08-31 19:50:03,15,10° < x < 15°,0.4456,4.362
114,16107,2023-08-31 19:50:03,15,10° < x < 15°,0.4155,4.044
114,16110,2023-08-31 19:50:10,20,x > 15°,0.4052,4.051
114,16111,2023-08-31 19:50:10,20,x > 15°,0.4236,4.287
114,16108,2023-08-31 19:50:10,20,x > 15°,0.4155,4.182
114,16109,2023-08-31 19:50:10,20,x > 15°,0.4202,4.227
114,16112,2023-08-31 19:50:12,20,x > 15°,0.4213,4.220
114,16114,2023-08-31 19:50:12,20,x > 15°,0.4258,4.279
114,16115,2023-08-31 19:50:12,20,x > 15°,0.4075,4.104
114,16113,2023-08-31 19:50:12,20,x > 15°,0.3961,4.045
114,16116,2023-08-31 19:50:13,20,x > 15°,0.4010,4.057
114,16119,2023-08-31 19:50:14,20,x > 15°,0.4259,4.310
114,16118,2023-08-31 19:50:14,20,x > 15°,0.4070,4.126
114,16117,2023-08-31 19:50:14,20,x > 15°,0.4221,4.276
114,16120,2023-08-31 19:50:14,20,x > 15°,0.4139,4.133
114,16121,2023-08-31 19:50:15,20,x > 15°,0.4185,4.211
114,16123,2023-08-31 19:50:15,20,x > 15°,0.4135,4.184
114,16122,2023-08-31 19:50:15,20,x > 15°,0.4136,4.165
114,16124,2023-08-31 19:50:16,20,x > 15°,0.4039,4.109
114,16125,2023-08-31 19:50:16,20,x > 15°,0.4125,4.168
114,16130,2023-08-31 19:50:21,25,x > 15°,0.4091,4.283
114,16126,2023-08-31 19:50:21,25,x > 15°,0.4110,4.337
114,16127,2023-08-31 19:50:21,25,x > 15°,0.4099,4.297
114,16128,2023-08-31 19:50:21,25,x > 15°,0.3935,4.144
114,16129,2023-08-31 19:50:21,25,x > 15°,0.4039,4.150
114,16131,2023-08-31 19:50:22,25,x > 15°,0.4140,4.351
114,16132,2023-08-31 19:50:23,25,x > 15°,0.3998,4.198
114,16135,2023-08-31 19:50:23,25,x > 15°,0.3982,4.204
114,16134,2023-08-31 19:50:23,25,x > 15°,0.3953,4.157
114,16133,2023-08-31 19:50:23,25,x > 15°,0.4070,4.275
114,16137,2023-08-31 19:50:24,25,x > 15°,0.4101,4.287
114,16136,2023-08-31 19:50:24,25,x > 15°,0.4227,4.415
114,16139,2023-08-31 19:50:25,25,x > 15°,0.4030,4.162
114,16138,2023-08-31 19:50:25,25,x > 15°,0.4045,4.237
114,16140,2023-08-31 19:50:26,25,x > 15°,0.3952,4.087
114,16142,2023-08-31 19:50:27,25,x > 15°,0.4361,4.559
114,16143,2023-08-31 19:50:27,25,x > 15°,0.3987,4.203
114,16144,2023-08-31 19:50:27,25,x > 15°,0.3852,4.004
114,16145,2023-08-31 19:50:33,30,x > 15°,0.3747,4.094
114,16146,2023-08-31 19:50:33,30,x > 15°,0.3851,4.289
114,16147,2023-08-31 19:50:33,30,x > 15°,0.3988,4.459
114,16148,2023-08-31 19:50:33,30,x > 15°,0.3900,4.307
114,16149,2023-08-31 19:50:34,30,x > 15°,0.3804,4.212
114,16150,2023-08-31 19:50:35,30,x > 15°,0.4154,4.559
114,16151,2023-08-31 19:50:35,30,x > 15°,0.3779,4.176
114,16152,2023-08-31 19:50:36,30,x > 15°,0.3748,4.179
114,16153,2023-08-31 19:50:36,30,x > 15°,0.3725,4.136
114,16155,2023-08-31 19:50:37,30,x > 15°,0.3481,3.892
114,16154,2023-08-31 19:50:37,30,x > 15°,0.3810,4.266
114,16160,2023-08-31 19:50:38,30,x > 15°,0.3889,4.289
114,16159,2023-08-31 19:50:38,30,x > 15°,0.3720,4.131
114,16158,2023-08-31 19:50:38,30,x > 15°,0.3852,4.222
114,16157,2023-08-31 19:50:38,30,x > 15°,0.3814,4.224
114,16156,2023-08-31 19:50:38,30,x > 15°,0.3759,4.157
114,16161,2023-08-31 19:50:43,35,x > 15°,0.3428,4.094
114,16162,2023-08-31 19:50:44,35,x > 15°,0.3643,4.282
114,16163,2023-08-31 19:50:44,35,x > 15°,0.3507,4.171
114,16164,2023-08-31 19:50:46,35,x > 15°,0.3672,4.316
114,16165,2023-08-31 19:50:46,35,x > 15°,0.3674,4.261
114,16166,2023-08-31 19:50:47,35,x > 15°,0.3996,4.721
114,16169,2023-08-31 19:50:48,35,x > 15°,0.3561,4.208
114,16167,2023-08-31 19:50:48,35,x > 15°,0.3547,4.195
114,16168,2023-08-31 19:50:48,35,x > 15°,0.3454,4.082
114,16170,2023-08-31 19:50:49,35,x > 15°,0.3457,4.033
114,16171,2023-08-31 19:50:50,35,x > 15°,0.3713,4.295
114,16173,2023-08-31 19:50:51,35,x > 15°,0.3661,4.184
114,16174,2023-08-31 19:50:51,35,x > 15°,0.3837,4.377
114,16172,2023-08-31 19:50:51,35,x > 15°,0.3813,4.348
114,16177,2023-08-31 19:50:53,35,x > 15°,0.3735,4.264
114,16175,2023-08-31 19:50:53,35,x > 15°,0.3802,4.386
114,16176,2023-08-31 19:50:53,35,x > 15°,0.3585,4.151
114,16178,2023-08-31 19:50:54,35,x > 15°,0.3608,4.169
114,16182,2023-08-31 19:51:01,40,x > 15°,0.3250,4.121
114,16179,2023-08-31 19:51:01,40,x > 15°,0.3231,4.099
114,16180,2023-08-31 19:51:01,40,x > 15°,0.3182,4.080
114,16181,2023-08-31 19:51:01,40,x > 15°,0.3257,4.189
114,16187,2023-08-31 19:51:03,40,x > 15°,0.3413,4.259
114,16183,2023-08-31 19:51:03,40,x > 15°,0.3384,4.262
114,16184,2023-08-31 19:51:03,40,x > 15°,0.3295,4.240
114,16185,2023-08-31 19:51:03,40,x > 15°,0.3411,4.267
114,16188,2023-08-31 19:51:07,40,x > 15°,0.3172,3.995
114,16190,2023-08-31 19:51:07,40,x > 15°,0.3428,4.254
114,16189,2023-08-31 19:51:07,40,x > 15°,0.3419,4.358
114,16193,2023-08-31 19:51:09,40,x > 15°,0.3390,4.264
114,16192,2023-08-31 19:51:09,40,x > 15°,0.3342,4.192
114,16196,2023-08-31 19:51:09,40,x > 15°,0.3516,4.364
114,16195,2023-08-31 19:51:09,40,x > 15°,0.3269,4.146
114,16194,2023-08-31 19:51:09,40,x > 15°,0.3307,4.169
114,16197,2023-08-31 19:51:10,40,x > 15°,0.3327,4.231
114,16201,2023-08-31 19:51:15,45,x > 15°,0.3251,4.321
114,16200,2023-08-31 19:51:15,45,x > 15°,0.3202,4.375
114,16199,2023-08-31 19:51:15,45,x > 15°,0.3164,4.342
114,16198,2023-08-31 19:51:15,45,x > 15°,0.3091,4.259
114,16203,2023-08-31 19:51:17,45,x > 15°,0.3148,4.237
114,16205,2023-08-31 19:51:17,45,x > 15°,0.3141,4.237
114,16204,2023-08-31 19:51:17,45,x > 15°,0.3055,4.169
114,16202,2023-08-31 19:51:17,45,x > 15°,0.3159,4.238
114,16208,2023-08-31 19:51:18,45,x > 15°,0.3119,4.200
114,16206,2023-08-31 19:51:18,45,x > 15°,0.3170,4.246
114,16207,2023-08-31 19:51:18,45,x > 15°,0.3132,4.217
114,16209,2023-08-31 19:51:19,45,x > 15°,0.3070,4.161
114,16210,2023-08-31 19:51:19,45,x > 15°,0.3104,4.236
114,16211,2023-08-31 19:51:19,45,x > 15°,0.3122,4.178
114,16212,2023-08-31 19:51:20,45,x > 15°,0.3054,4.212
114,16213,2023-08-31 19:51:20,45,x > 15°,0.3055,4.135
114,16214,2023-08-31 19:51:21,45,x > 15°,0.3042,4.151
114,16217,2023-08-31 19:51:21,45,x > 15°,0.3052,4.166
114,16215,2023-08-31 19:51:21,45,x > 15°,0.3070,4.172
