dive_id,camera_id,dive_name,standard,dive_date,baseline_m,dive_datetime,laser_x,laser_y,laser_z,axis_x,axis_y,axis_z,n_frames
32,1,H Slate Dive 1,slate,2023-08-03,0.10550737300308702,2023-08-03T09:11:50Z,-0.031962618231773376,-0.10054947435855865,0,0.012929387390613556,0.022304734215140343,0.9996676445007324,2
77,1,082929_Slate_FSL01,slate,2023-08-29,0.10366717404207268,2023-08-29T13:31:52Z,-0.03057379275560379,-0.099056176841259,0,0.005684984847903252,0.032687537372112274,0.9994494318962097,22
114,1,083123_Fish Degree Angle Test_FSL-01,slate,2023-08-31,0.10270037762532874,2023-08-31T19:51:21Z,-0.045947037637233734,-0.09184899181127548,0,0.021205013617873192,0.0318765789270401,0.9992668628692627,29
341,1,031424_Alligator0_FSL01,slate,2024-03-13,0.10228828689976413,2024-03-13T23:59:45Z,-0.031075656414031982,-0.09745356440544128,0,0.0026122000999748707,-0.015737226232886314,0.9998726844787598,30
489,2,2023-08-14 ED-00 FSL-02D LaserCalibration2,checkerboard,2023-08-14,0.10374921852374071,2023-08-14T19:00:40Z,-0.030150344595313072,-0.09927163273096085,0,0.0020930548198521137,0.018659019842743874,0.9998237490653992,50
490,2,2023-08-14 ED-00 FSL-02D LaserCalibration3,checkerboard,2023-08-14,0.10285181691247137,2023-08-14T19:08:53Z,-0.030539147555828094,-0.0982133224606514,0,0.007318202871829271,0.032075513154268265,0.9994586110115051,47
521,2,2023-08-18 Nathans Pool 08_18_Pool_Test_FSL-02,checkerboard,2023-08-18,0.1049083737499157,2023-08-18T10:05:30Z,-0.03156496211886406,-0.10004708915948868,0,0.030475571751594543,0.038446009159088135,0.9987958073616028,338
71,2,082923_Slate_FSL02,slate,2023-08-29,0.10489507090854949,2023-08-29T13:36:56Z,-0.031173786148428917,-0.10015573352575302,0,0.03132905066013336,0.047706976532936096,0.9983699321746826,33
347,2,031424_Alligator0_FSL02,slate,2024-03-14,0.10100803598795582,2024-03-14T12:15:46Z,-0.03201828896999359,-0.095799021422863,0,0.003075801534578204,0.0009291526512242854,0.9999948143959045,15
493,3,2023-08-14 ED-00 FSL-03D LaserCalibration,checkerboard,2023-08-14,0.10554528324474267,2023-08-14T17:25:09Z,-0.03120303712785244,-0.10082746297121048,0,0.007157667074352503,0.011719287373125553,0.9999057650566101,32
522,3,2023-08-18 Nathans Pool 08_18_Pool_Test_FSL-03,checkerboard,2023-08-18,0.1033441878858206,2023-08-18T09:44:51Z,-0.030297501012682915,-0.09880325198173523,0,-0.007203501183539629,0.018382040783762932,0.9998050332069397,261
63,3,082923_Slate_FSL03,slate,2023-08-29,0.10434878616031389,2023-08-29T13:40:11Z,-0.03206002712249756,-0.09930168092250824,0,0.0013077228795737028,0.027590053156018257,0.999618411064148,17
383,3,062624_FiveSeas_FSL03,slate,2024-06-26,0.10542979125080118,2024-06-26T07:52:45Z,-0.032650504261255264,-0.1002466231584549,0,0.022480206564068794,0.032909128814935684,0.9992055296897888,2
471,3,121024_Alligator2_FSL03,slate,2024-12-10,0.10404504801987072,2024-12-10T10:18:21Z,-0.030247963964939117,-0.09955115616321564,0,0.03442922607064247,0.08569981902837753,0.9957259297370911,2
496,4,2023-08-14 ED-00 FSL-04D LaserCalibration,checkerboard,2023-08-14,0.10443535871159147,2023-08-14T18:44:00Z,-0.0299493707716465,-0.10004888474941254,0,-0.0115765780210495,0.02225852571427822,0.9996852278709412,36
509,4,2023-08-18 Nathans Pool 04,checkerboard,2023-08-18,0.10469916496498442,2023-08-18T09:53:06Z,-0.0319003127515316,-0.0997210368514061,0,0.01650560460984707,0.022315258160233498,0.9996147751808167,282
65,4,082929_Slate_FSL04,slate,2023-08-29,0.10448278217852125,2023-08-29T15:43:36Z,-0.03170420974493027,-0.09955649077892303,0,0.026946846395730972,0.02996676415205002,0.9991876482963562,28
94,4,083123_Fish Deg Angle Tests_FSL04,slate,2023-08-31,0.09867660062740555,2023-08-31T21:41:38Z,-0.02520688995718956,-0.09540274739265442,0,0.022173726931214333,0.026320604607462883,0.9994075894355774,21
436,4,101624_Alligator0_FSL04,slate,2024-10-16,0.10501418012809034,2024-10-16T11:33:02Z,-0.033095866441726685,-0.09966263920068741,0,0.02377108670771122,0.04443387687206268,0.998729407787323,12
465,4,121024_Alligator2_FSL04,slate,2024-12-10,0.10217399020897502,2024-12-10T10:13:46Z,-0.03079097345471382,-0.09742402285337448,0,0.008205102756619453,-0.0035597668029367924,0.9999600052833557,3
499,5,2023-08-14 ED-00 FSL-05D LaserCalibration,checkerboard,2023-08-14,0.1045584484154919,2023-08-14T18:07:36Z,-0.031095726415514946,-0.09982747584581375,0,0.01638803631067276,0.02205009199678898,0.9996225237846375,58
62,5,082929_Slate_FSL05,slate,2023-08-29,0.10373429790597832,2023-08-29T13:46:42Z,-0.030078189447522163,-0.09927792847156525,0,0.014451604336500168,0.03844136372208595,0.9991563558578491,20
107,5,083123_Fish Deg Angle Test_FSL05,slate,2023-08-31,0.1295419516774552,2023-08-31T14:13:48Z,-0.031959716230630875,-0.12553761899471283,0,0.008735720068216324,0.0529530830681324,0.9985588192939758,16
279,5,111323_Alligator DeepEast Drift2_FSL05,slate,2023-11-13,0.10258946641495435,2023-11-13T12:34:08Z,-0.029347479343414307,-0.0983022078871727,0,0.0013266898458823562,0.026194274425506592,0.9996559619903564,3
502,6,2023-08-14 ED-00 FSL-06D LaserCalibration,checkerboard,2023-08-14,0.10393533690624565,2023-08-14T18:54:16Z,-0.031218819320201874,-0.09913596510887146,0,0.04245704784989357,0.0040075890719890594,0.999090313911438,46
80,6,082929_Slate_FSL06,slate,2023-08-29,0.10438697840035042,2023-08-29T10:54:00Z,-0.029877623543143272,-0.10001984238624573,0,0.022014986723661423,0.027923760935664177,0.9993675947189331,32
87,6,083123_Fish Deg Angle Tests_FSL06,slate,2023-08-31,0.10199985893601059,2023-08-31T19:47:37Z,-0.03086426481604576,-0.09721814841032028,0,0.02015918307006359,0.024367349222302437,0.9994997978210449,30
349,6,031424_Alligator0_FSL06,slate,2024-03-14,0.10517140586340629,2024-03-14T10:53:15Z,-0.02742037922143936,-0.10153397172689438,0,-0.01842650957405567,0.06373591721057892,0.9977967143058777,12
505,10,2023-08-14 ED-00 FSL-07D LaserCalibration,checkerboard,2023-08-14,0.10427875276503658,2023-08-14T17:45:59Z,-0.030628323554992676,-0.09967930614948273,0,0.019755495712161064,-0.017258211970329285,0.9996558427810669,48
518,10,2023-08-18 Nathans Pool 07/LaserCalibration,checkerboard,2023-08-18,0.10400227092709532,2023-08-18T10:04:13Z,-0.031192677095532417,-0.09921436011791229,0,0.027715051546692848,0.0123939523473382,0.9995390176773071,90
83,10,082929_Slate_FSL07,slate,2023-08-29,0.10368495867615796,2023-08-29T10:51:01Z,-0.029473014175891876,-0.09940780699253082,0,0.02901473641395569,0.013735744170844555,0.9994845986366272,26
