dive_id|camera_id|fish_id|image_id|measurement_id|laser_extrinsics_id|length_m|range_m|depth_m|species
279|5|173|78778|262|9|0.20586627916339775|1.892276780057122|1.891448736190796|Hogfish
279|5|173|78781|263|9|0.20023820386094807|1.8208701578498903|1.8199573755264282|Hogfish
279|5|292|78701|256|9|0.192581615472035|0.7535321367974736|0.7488862872123718|Hogfish
279|5|292|78704|257|9|0.19228191830795105|0.7540829880314227|0.7494425177574158|Hogfish
279|5|293|78767|258|9|0.18614531662666095|1.3106500002679926|1.3088051080703735|Hogfish
279|5|295|78770|259|9|0.1972130485981461|1.1875939629689722|1.1853708028793335|Hogfish
279|5|295|78772|260|9|0.2079090565432417|1.1814404460464454|1.1791945695877075|Hogfish
279|5|295|78773|261|9|0.20683236396104146|1.1735076547449181|1.1712349653244019|Hogfish
341|1|176|101441|282|10|0.2942101871135612|0.8589701651698886|0.8513113260269165|Blue Parrotfish
341|1|176|101445|283|10|0.28846985885566173|0.8225858660251033|0.8146636486053467|Blue Parrotfish
341|1|176|101446|284|10|0.2979705735252573|0.8380927039653279|0.8302810192108154|Blue Parrotfish
341|1|188|101440|281|10|0.23878943362417557|1.504914571046022|1.499821662902832|Rainbow Parrotfish
341|1|300|101357|264|10|0.1848531304520309|0.8176483570769898|0.8096829056739807|Hogfish
341|1|300|101362|265|10|0.18318027347671115|0.7603643938784641|0.7519215941429138|Hogfish
341|1|300|101363|266|10|0.18422863990374197|0.7871135124178267|0.7789055109024048|Hogfish
341|1|301|101367|267|10|0.17681638064266952|0.5225574237759518|0.5109372138977051|Hogfish
341|1|301|101368|268|10|0.17665074175365786|0.4554007308156849|0.44226256012916565|Hogfish
341|1|301|101370|269|10|0.17803923337359204|0.48025229793563023|0.46772632002830505|Hogfish
341|1|301|101371|270|10|0.17427899205697414|0.5479255504655491|0.5367788672447205|Hogfish
341|1|302|101402|271|10|0.16420307886427096|1.0148812392715492|1.0081466436386108|Stoplight Parrotfish
341|1|302|101403|272|10|0.15486220079998614|0.9813629149162857|0.9744585752487183|Stoplight Parrotfish
341|1|303|101415|273|10|0.21316685136941602|0.8770978399012215|0.8695622086524963|Stoplight Parrotfish
341|1|303|101416|274|10|0.21246014575440508|0.8679414751775499|0.860342800617218|Stoplight Parrotfish
341|1|303|101417|275|10|0.21825836251236316|0.8992765217585122|0.8918878436088562|Stoplight Parrotfish
341|1|303|101418|276|10|0.21300068929742627|0.8752531212426128|0.867704451084137|Stoplight Parrotfish
341|1|303|101421|277|10|0.20434851563134687|0.8620052303901705|0.8543670773506165|Stoplight Parrotfish
341|1|304|101423|278|10|0.28496060967798803|1.1974252345877472|1.19145929813385|Rainbow Parrotfish
341|1|305|101302|952|10|0.1933818221231597|1.3002900256065415|1.2946645021438599|Hogfish
341|1|305|101434|279|10|0.14170644010054392|0.848428473229518|0.8406968712806702|Stoplight Parrotfish
341|1|305|101437|280|10|0.1733718826487709|0.8750271305354428|0.8674834370613098|Stoplight Parrotfish
341|1|306|101293|285|10|0.22079645223274857|1.0258615126563888|1.0191699266433716|Hogfish
341|1|306|101294|286|10|0.21840103008310488|1.0136811772051697|1.0069271326065063|Hogfish
341|1|307|101301|287|10|0.18762143816470703|1.2952997967231146|1.2896604537963867|Hogfish
341|1|309|101398|289|10|0.1716951475594212|0.6108223616622324|0.6006742715835571|Stoplight Parrotfish
341|1|309|101399|290|10|0.16396887627259144|0.6058633052074658|0.5956445336341858|Stoplight Parrotfish
347|2|199|102944|4102|54|0.3034368796023294|2.098494655617961|2.096251964569092|Other
347|2|199|102948|4103|54|0.3269222071203212|2.0571582783968263|2.0548665523529053|Other
347|2|201|102992|4111|54|0.31808199373107005|3.7221108912467193|3.720935821533203|Stoplight Parrotfish
347|2|201|102993|4112|54|0.3230521574651965|3.6720276189079426|3.6708362102508545|Stoplight Parrotfish
347|2|201|102995|4113|54|0.30581209594046205|3.6165770874962253|3.6153604984283447|Stoplight Parrotfish
347|2|201|102996|4114|54|0.29501226435319755|3.6829922243224793|3.681793451309204|Stoplight Parrotfish
347|2|202|103001|4115|54|0.25787800153000434|2.1620538026044733|2.1598849296569824|Stoplight Parrotfish
347|2|370|102789|4080|54|0.14558630609125414|1.863676181599803|1.8611174821853638|Other
347|2|371|102806|4081|54|0.2527853166339111|1.5635487435567368|1.5604649782180786|Stoplight Parrotfish
347|2|371|102807|4082|54|0.25975052010134364|1.597133820549819|1.594117522239685|Stoplight Parrotfish
347|2|372|102819|4083|54|0.40769565538846175|3.719243323044435|3.7180535793304443|Black Grouper
347|2|372|102823|4084|54|0.40754847067898164|3.897252911122776|3.8961219787597656|Black Grouper
347|2|372|102824|4085|54|0.4150432902894443|3.7288188064801533|3.7276296615600586|Black Grouper
347|2|373|102857|4086|54|0.24905929944268176|0.7341966918082845|0.7274004817008972|Hogfish
347|2|373|102858|4087|54|0.24094648108357353|0.7167951843772847|0.7098276615142822|Hogfish
347|2|373|102859|4088|54|0.24443670473756726|0.7223753666966014|0.7154622077941895|Hogfish
347|2|373|102862|4089|54|0.24684478111110517|0.7276072608440244|0.7207468152046204|Hogfish
347|2|373|102863|4090|54|0.23699018709898673|0.7184055347096877|0.7114548087120056|Hogfish
347|2|373|102864|4091|54|0.24495981882899107|0.7289114991922259|0.7220633029937744|Hogfish
347|2|373|102865|4092|54|0.24062256816572508|0.723460482771353|0.716559886932373|Hogfish
347|2|373|102870|4093|54|0.22451302824005767|0.7055822331947617|0.698499858379364|Hogfish
347|2|374|102903|4094|54|0.26270120810084496|1.4404102155476555|1.437050700187683|Stoplight Parrotfish
347|2|375|102906|4095|54|0.3773131808381999|2.139538463577861|2.1373462677001953|Other
347|2|375|102907|4096|54|0.3607569133038369|2.112838410043091|2.1106159687042236|Other
347|2|375|102909|4097|54|0.37379025296536356|2.082633413054649|2.0803754329681396|Other
347|2|375|102910|4098|54|0.36353907686098236|2.087147848024119|2.084895133972168|Other
347|2|375|102911|4099|54|0.359646733708726|2.122431974620966|2.120220899581909|Other
347|2|375|102912|4100|54|0.37221580317701575|2.104199596833046|2.101966619491577|Other
347|2|376|102926|4101|54|0.37962733663263415|1.4945806610026198|1.4913495779037476|Other
347|2|377|102964|4104|54|0.20376460972911162|0.986581298365939|0.9815842509269714|Hogfish
347|2|377|102966|4105|54|0.19186695683712177|0.9646165920069109|0.9594993591308594|Hogfish
347|2|377|102967|4106|54|0.19854078661625774|1.0133426675452242|1.0084832906723022|Hogfish
347|2|377|102968|4107|54|0.2014236441380581|1.0088760437657869|1.0039947032928467|Hogfish
347|2|377|102971|4108|54|0.22166168553335686|1.0285250399532828|1.0237371921539307|Hogfish
347|2|377|102974|4109|54|0.19356520177611322|1.0258799297454344|1.0210832357406616|Hogfish
347|2|377|102976|4110|54|0.1892947022022441|1.0376392715014011|1.032899022102356|Hogfish
349|6|207|102591|317|55|0.5490692753788601|1.008352771307524|1.006522536277771|Black Grouper
349|6|213|102634|305|55|0.5027897694564173|3.045933369203988|3.0432164669036865|Black Grouper
349|6|213|102637|306|55|0.5463350681774525|3.05382146919577|3.0510947704315186|Black Grouper
349|6|310|102562|291|55|0.18258560070844476|1.2140206457174239|1.21267831325531|Hogfish
349|6|310|102565|308|55|0.18077286266144202|1.2087065415779665|1.2073485851287842|Hogfish
349|6|310|102566|309|55|0.18085484449421124|1.197427011838887|1.196054220199585|Hogfish
349|6|311|102551|292|55|0.27497650575263477|1.420466744117222|1.4193662405014038|Stoplight Parrotfish
349|6|311|102552|293|55|0.2724465501118911|1.4076119916526595|1.4065028429031372|Stoplight Parrotfish
349|6|311|102554|294|55|0.27347590959988266|1.4364679865505354|1.4353759288787842|Stoplight Parrotfish
349|6|312|102609|295|55|0.48073726958347396|2.4080186237003782|2.4062581062316895|Nassau Grouper
349|6|312|102611|296|55|0.49275079536608835|2.3500102864856713|2.3483612537384033|Nassau Grouper
349|6|312|102613|297|55|0.4921795851587244|2.395717743965784|2.3939881324768066|Nassau Grouper
349|6|313|102616|298|55|0.47592052152905495|2.8523739560386567|2.849968194961548|Black Grouper
349|6|313|102617|299|55|0.4683965881005579|2.786392292180552|2.784113645553589|Black Grouper
349|6|313|102618|300|55|0.46438256459183047|2.8238009474132215|2.821457624435425|Black Grouper
349|6|314|102621|301|55|0.5376635565188065|2.3113699786823565|2.3097083568573|Black Grouper
349|6|315|102627|302|55|0.19713978498641183|1.0953381488134435|1.093753457069397|Hogfish
349|6|315|102628|303|55|0.2113718289354051|1.164958193414188|1.1635079383850098|Hogfish
349|6|315|102629|304|55|0.20572001856139863|1.128437020550903|1.1269276142120361|Hogfish
349|6|317|102642|307|55|0.2957405807125921|1.8934638490066527|1.8922059535980225|Rainbow Parrotfish
349|6|317|102643|327|55|0.28316546108183677|2.0629150954107014|2.061516046524048|Rainbow Parrotfish
349|6|317|102648|318|55|0.2825875294802635|2.095345266277978|2.093919277191162|Rainbow Parrotfish
349|6|318|102570|310|55|0.5034260854929825|1.5257140369568132|1.5246284008026123|Black Grouper
349|6|318|102571|311|55|0.5335486472904784|1.5276335688910754|1.526547908782959|Black Grouper
349|6|318|102572|312|55|0.5387008444162722|1.5332536405118036|1.5321646928787231|Black Grouper
349|6|318|102578|313|55|0.5803004342653545|1.4756089122662746|1.4745022058486938|Black Grouper
349|6|318|102582|314|55|0.5939498437951221|1.4583474562379912|1.4572240114212036|Black Grouper
349|6|318|102584|315|55|0.5344784477530783|1.3552207917757917|1.3540362119674683|Black Grouper
349|6|318|102587|316|55|0.5555124747408885|0.9822754258609898|0.9803798794746399|Black Grouper
349|6|319|102653|319|55|0.18228236779764917|1.5439012645966845|1.5427775382995605|Hogfish
349|6|319|102654|320|55|0.19233944367859437|1.5341503366644353|1.533012866973877|Hogfish
349|6|319|102656|321|55|0.1722393315973774|1.1605068862496644|1.1590384244918823|Hogfish
349|6|320|102664|322|55|0.3243461422360128|1.519817562752533|1.5186834335327148|Stoplight Parrotfish
349|6|321|102672|323|55|0.3321520262317414|1.3279162967960303|1.326684832572937|Midnight Parrotfish
349|6|321|102674|324|55|0.3084381118783182|1.1710372904410444|1.1695855855941772|Midnight Parrotfish
349|6|321|102679|325|55|0.3074021880294993|1.159278965099974|1.1578034162521362|Midnight Parrotfish
349|6|321|102680|326|55|0.3062440394013967|1.1672011459414386|1.1657572984695435|Midnight Parrotfish
383|3|281|111916|328|16|0.6675371579924327|1.8797151280201756|1.8793092966079712|Nassau Grouper
383|3|281|111919|329|16|0.755545459805166|1.4883469570691115|1.4874727725982666|Nassau Grouper
383|3|284|111929|334|16|0.686385996743492|0.7787377324386681|0.774993896484375|Nassau Grouper
383|3|289|111928|333|16|0.1411405930502483|1.2555677591978873|1.2541781663894653|Stoplight Parrotfish
383|3|322|111923|330|16|0.24387513580241085|2.709414150982673|2.709235191345215|Hogfish
383|3|323|111926|953|16|0.4848935246728474|1.9679565710574898|1.9675979614257812|Nassau Grouper
383|3|323|111927|332|16|0.22356909879830433|1.1174227152220912|1.1155813932418823|Hogfish
465|4|231|129306|357|17|0.269510931406609|1.258574157664789|1.254267692565918|Hogfish
465|4|232|129309|358|17|0.2552421851147984|1.1590247253181003|1.1543689966201782|Hogfish
465|4|233|129311|359|17|0.25640007067214315|1.058319456564158|1.053240418434143|Hogfish
465|4|233|129312|360|17|0.25560502858990125|1.0529840492979334|1.0478754043579102|Hogfish
465|4|325|129273|335|17|0.18856517760118793|2.4021789338838953|2.3997905254364014|Stoplight Parrotfish
465|4|326|129372|336|17|0.23865828665728403|1.8193129378069082|1.816278100013733|Hogfish
465|4|330|129275|337|17|0.19782658571384554|2.2045976134819933|2.2020273208618164|Stoplight Parrotfish
465|4|331|129276|338|17|0.19430219560148784|2.1302355036457095|2.1275887489318848|Stoplight Parrotfish
465|4|331|129278|339|17|0.1671239684806166|2.1433347527969375|2.1407032012939453|Stoplight Parrotfish
465|4|334|129326|340|17|0.24673696067517384|1.6790304534881728|1.6757495403289795|Hogfish
465|4|334|129327|341|17|0.25613624363575666|1.6638727613769209|1.660563349723816|Hogfish
465|4|334|129329|342|17|0.23767505712442438|1.5915200848948128|1.5880717039108276|Hogfish
465|4|336|129280|343|17|0.27360598267659925|1.8692768102789254|1.866297721862793|Rainbow Parrotfish
465|4|337|129281|344|17|0.297906946715721|1.8998241437375265|1.89689040184021|Rainbow Parrotfish
465|4|337|129282|345|17|0.21033623107054503|1.9028706177609296|1.8999371528625488|Rainbow Parrotfish
465|4|337|129285|346|17|0.29804176654970677|1.6997340907084524|1.6964824199676514|Rainbow Parrotfish
465|4|339|129267|347|17|0.16099338557351334|1.8414104088387153|1.8383948802947998|Hogfish
465|4|339|129268|348|17|0.1581313847760828|1.86086155308659|1.8578746318817139|Hogfish
465|4|340|129269|349|17|0.1591356114094451|1.8344048381107154|1.8313798904418945|Hogfish
465|4|342|129340|350|17|0.5668479940678967|3.0803606126654035|3.078428030014038|Nassau Grouper
465|4|343|129342|351|17|0.21831357036014243|1.4837591985939347|1.4800766706466675|Hogfish
465|4|345|129287|352|17|0.19521500612365125|2.536413863922832|2.5341451168060303|Stoplight Parrotfish
465|4|346|129298|353|17|0.2580103871748218|1.6985772151237726|1.695324420928955|Hogfish
465|4|346|129299|354|17|0.2516021952516599|1.6449089515719553|1.6415578126907349|Hogfish
465|4|346|129303|355|17|0.257465977083046|1.3145185555797891|1.3103904724121094|Hogfish
465|4|346|129304|356|17|0.26963923876772855|1.3138178661850957|1.309684157371521|Hogfish
465|4|347|129343|361|17|0.44164956583143244|2.4629198966416217|2.460599660873413|Nassau Grouper
465|4|347|129344|362|17|0.479242198985602|2.5519768786987096|2.54972243309021|Nassau Grouper
465|4|347|129345|363|17|0.4518635389690904|2.706730291338909|2.704587459564209|Nassau Grouper
465|4|348|129355|364|17|0.210314422430363|1.383555484941833|1.3796350955963135|Hogfish
465|4|348|129357|365|17|0.19906910502830358|1.5327761421217632|1.5292192697525024|Hogfish
471|3|349|129412|366|18|0.2738474861894363|3.1601193621262995|3.154451370239258|Stoplight Parrotfish
471|3|351|129457|367|18|0.1883739781859119|1.6778586768912387|1.6770386695861816|Hogfish
471|3|351|129458|368|18|0.18841168575730982|1.6504530311462342|1.6496853828430176|Hogfish
471|3|352|129459|369|18|0.13697181651244072|1.9696012434074206|1.9679980278015137|Hogfish
471|3|353|129461|370|18|0.1866567462764185|1.7633055288849928|1.7622690200805664|Hogfish
471|3|353|129462|371|18|0.1801946657487109|0.9586437752408011|0.9584948420524597|Hogfish
471|3|354|129419|372|18|0.13033475212338266|2.4661505570050064|2.462981700897217|Hogfish
471|3|355|129421|373|18|0.242360891463066|1.5782737565854263|1.577679991722107|Hogfish
471|3|355|129422|374|18|0.26390241784199814|1.4660498936993382|1.465675711631775|Hogfish
471|3|355|129423|375|18|0.30324929680119445|1.4776411359798851|1.4772473573684692|Hogfish
471|3|357|129425|376|18|0.29893764259320726|2.2936999188062783|2.2911014556884766|Mutton Snapper
471|3|358|129430|377|18|0.15636754162221705|3.0278640672739816|3.022700786590576|Hogfish
471|3|359|129434|378|18|0.8470726748294315|3.7272607021466717|3.7194488048553467|Goliath Grouper
471|3|360|129440|379|18|0.4226316918184189|1.9679870346588677|1.9664077758789062|Nassau Grouper
471|3|360|129441|380|18|0.43405713941707275|1.7255786355774418|1.7246532440185547|Nassau Grouper
471|3|361|129444|381|18|0.22632556106641835|2.344061833649076|2.3413164615631104|Hogfish
